Ligand Short Name,Base File Name,KD1,KD2,Alpha,SC
Gen_8_Cross_928393,Gen_8_Cross_928393__4,2.7246083163852164e-05,4.92419035910961e-07,55.331092376328826,-10.32401464969257
Gen_8_Cross_354757,Gen_8_Cross_354757__3,3.2530242305895744e-06,1.0770362963297668e-07,30.203478208440654,-12.23097299537704
Gen_8_Cross_70554,Gen_8_Cross_70554__2,0.0006560427224218208,3.7365789172835235e-06,175.57309425134824,-7.287776143443269
Gen_8_Cross_675538,Gen_8_Cross_675538__2,475.12119357653404,0.00010948964181059926,4339416.822628964,6.163568495494571
Gen_8_Cross_474438,Gen_8_Cross_474438__2,0.0001350438434133947,1.1456700303328867e-06,117.8732443355931,-8.83495802598509
Gen_8_Cross_593339,Gen_8_Cross_593339__5,0.0010000194256531492,5.571771015598962e-05,17.94796345459017,-6.543172354644952
Gen_8_Mutant_13_44475,Gen_8_Mutant_13_44475__3,1.9057913801671e+19,1.9014914803386492e-06,1.0022613300521783e+25,44.394014111861324
Gen_8_Cross_131060,Gen_8_Cross_131060__2,2.0417883625026136e+30,2.394796092397286e-05,8.525938258312014e+34,69.7913788619314
Gen_8_Cross_236774,Gen_8_Cross_236774__5,2.3097912024045772e-05,1.0770362963297668e-07,214.45806518087537,-10.626219162935445
Gen_8_Mutant_10_803559,Gen_8_Mutant_10_803559__5,6.003396891077583e-05,2.2513308767194835e-06,26.66599100628605,-9.369244438594649
Gen_8_Cross_887108,Gen_8_Cross_887108__3,5.414079384506017e-05,9.676417733548232e-07,55.95127797899167,-9.651425645946162
Gen_8_Cross_868278,Gen_8_Cross_868278__4,2.2602053448058084e-05,4.1590092830141227e-07,54.34480163429184,-10.504182088406214
Gen_8_Mutant_13_44475,Gen_8_Mutant_13_44475__1,7.738488116071367e+36,8.693584466298958e-06,8.901377959885175e+41,84.93926968246623
Gen_8_Mutant_12_338970,Gen_8_Mutant_12_338970__2,124466394.3804778,3.5127314248113844e-07,354329378845583.1,18.63954631277797
Gen_8_Cross_654338,Gen_8_Cross_654338__5,0.0037878432116294322,1.9014914803386492e-06,1992.0379611455478,-5.57316077716133
Gen_8_Mutant_24_439956,Gen_8_Mutant_24_439956__3,0.00011796146531135582,7.342668715297711e-06,16.065203250365222,-8.515117695722678
Gen_8_Cross_895522,Gen_8_Cross_895522__3,6.671610425305975e-06,7.683170161732237e-08,86.83408391155302,-11.781965632003617
Gen_8_Mutant_11_818048,Gen_8_Mutant_11_818048__5,1.866176549853641e-05,5.830150654334497e-07,32.00906220950241,-10.559153622342231
Gen_8_Mutant_13_856177,Gen_8_Mutant_13_856177__1,0.000814148510767706,0.000592683003367853,1.3736660341892728,-4.11658234305411
Gen_8_Cross_394904,Gen_8_Cross_394904__5,5.951916518101973e-06,5.480883414541699e-08,108.59410915967568,-11.922012213279574
Gen_8_Cross_980011,Gen_8_Cross_980011__4,6.84196863194178e-06,1.0770362963297668e-07,63.525887245000575,-11.708130189218
Gen_8_Cross_895522,Gen_8_Cross_895522__1,7.148848527396926e-06,9.096731904955463e-08,78.58699807897577,-11.699683694928764
Gen_8_Cross_474343,Gen_8_Cross_474343__3,1.0303305022609515e-05,2.505849929223415e-07,41.11700745703715,-11.210399547999533
Gen_8_Mutant_18_241701,Gen_8_Mutant_18_241701__1,0.0003474020810924536,4.42404058959089e-06,78.52597055954665,-7.8648714042835115
Gen_8_Cross_62845,Gen_8_Cross_62845__3,22618510614337.777,1.6060144189329578e-06,1.408362860737303e+19,30.749789740697082
Gen_8_Cross_202935,Gen_8_Cross_202935__2,5.803915756108568e-06,4.629196545585792e-08,125.37630880336975,-11.961572373882065
Gen_8_Cross_926710,Gen_8_Cross_926710__2,0.07385799854090748,2.6655342760556763e-06,27708.51577650648,-2.6055169348611416
Gen_8_Cross_809173,Gen_8_Cross_809173__3,3.0662074292927074e-05,2.966880144570127e-07,103.34786981214478,-10.292889435207115
Gen_8_Cross_277924,Gen_8_Cross_277924__4,0.0002503770777091089,4.42404058959089e-06,56.594661065770715,-8.148561368901136
Gen_8_Cross_501033,Gen_8_Cross_501033__1,7.274898352013265e-05,5.480883414541699e-08,1327.3222219454155,-9.521322292751616
Gen_8_Cross_675538,Gen_8_Cross_675538__5,1.8111427711637843e+24,0.00018172214998736795,9.966549324282606e+27,55.85600024319148
Gen_8_Cross_202935,Gen_8_Cross_202935__3,6.497478639900138e-06,6.902790951075892e-07,9.41282835588034,-10.797040442833522
Gen_8_Mutant_13_44475,Gen_8_Mutant_13_44475__4,2.508422078501814e+18,1.4428916143916895e-05,1.7384688173957837e+23,42.3661855753674
Gen_8_Cross_509303,Gen_8_Cross_509303__2,1.2370705330804224e-05,4.1590092830141227e-07,29.744356141082978,-10.932626385562033
Gen_8_Cross_881062,Gen_8_Cross_881062__1,0.0001194993975692358,2.6655342760556763e-06,44.83131154706628,-8.835124369588298
Gen_8_Cross_231859,Gen_8_Cross_231859__5,0.00021111358124123756,1.7083570853870422e-05,12.357696353242686,-7.829538386018103
Gen_8_Cross_142088,Gen_8_Cross_142088__5,3.723284423638072e-05,1.3564522063286917e-06,27.448695989926062,-9.83983819616309
Gen_8_Cross_178236,Gen_8_Cross_178236__5,1.105674793775579e-05,1.509802801699513e-07,73.23306014076631,-11.258731273593439
Gen_8_Cross_411165,Gen_8_Cross_411165__1,6.608141817785606e-06,6.489264974597642e-08,101.83189997100303,-11.811220627910485
Gen_8_Cross_897709,Gen_8_Cross_897709__1,1.54021564402432e-05,1.3564522063286917e-06,11.354735808886282,-10.18409975305994
Gen_8_Mutant_27_953149,Gen_8_Mutant_27_953149__5,5804.459714619175,9.676417733548232e-07,5998562561.53045,8.666381815938719
Gen_8_Cross_881062,Gen_8_Cross_881062__2,9.04875015211319e-05,2.2513308767194835e-06,40.192893215672214,-9.084281708029394
Gen_8_Mutant_7_354160,Gen_8_Mutant_7_354160__2,4.099933743371816e-05,1.1456700303328867e-06,35.78634017493271,-9.827343080957904
Gen_8_Cross_823851,Gen_8_Cross_823851__4,0.0001898600298465135,9.676417733548232e-07,196.20900531016449,-8.52577094667347
Gen_8_Cross_501033,Gen_8_Cross_501033__2,1.2900266350112047e-05,1.509802801699513e-07,85.44338595471432,-11.128024033831405
Gen_8_Cross_920985,Gen_8_Cross_920985__4,1.7913835525175013e-05,1.7875786982849592e-07,100.212849606912,-10.821947588903683
Gen_8_Mutant_16_157959,Gen_8_Mutant_16_157959__4,4.476004571394778e+25,0.00021515567725685956,2.0803562464453047e+29,59.063358136612806
Gen_8_Cross_482185,Gen_8_Cross_482185__1,7705409798.001887,0.0007017257554849765,10980656955759.771,22.765188490285468
Gen_8_Cross_76543,Gen_8_Cross_76543__1,1.9320164154252396e-06,1.9896693111168913e-08,97.1023880516462,-13.022831890817855
Gen_8_Cross_477868,Gen_8_Cross_477868__4,3.041693373515451e+21,0.00021515567725685956,1.4137174590490505e+25,49.466701343970705
Gen_8_Cross_920985,Gen_8_Cross_920985__5,8.724324030990565e-06,9.096731904955463e-08,95.90613554564548,-11.529182379039268
Gen_8_Mutant_11_797238,Gen_8_Mutant_11_797238__2,1.8801923275540328e-06,1.680490097169955e-08,111.88357079404325,-13.067342371807273
Gen_8_Cross_732161,Gen_8_Cross_732161__3,1.9920177968062503e-05,6.489264974597642e-08,306.97125246141803,-10.788631957046125
Gen_8_Cross_994185,Gen_8_Cross_994185__4,7.843100866690073e-06,2.505849929223415e-07,31.299164308377872,-11.391907848151549
Gen_8_Cross_654338,Gen_8_Cross_654338__4,1.6276042731578964,1.9014914803386492e-06,855961.9067386121,0.487108593499464
Gen_8_Cross_343491,Gen_8_Cross_343491__2,8.735971578544167e-06,6.489264974597642e-08,134.62189651279925,-11.562175103385155
Gen_8_Cross_277924,Gen_8_Cross_277924__5,5.3129984710974e-06,1.0770362963297668e-07,49.32979964744537,-11.904038828772237
Gen_8_Cross_70554,Gen_8_Cross_70554__3,0.0001268764934875564,6.201674817978091e-06,20.458424088885312,-8.554171769422489
Gen_8_Cross_994185,Gen_8_Cross_994185__2,2.9232095495938332e-06,2.505849929223415e-07,11.665541162314383,-11.736726219483602
Gen_8_Mutant_8_460912,Gen_8_Mutant_8_460912__2,1.4546357831548591e-05,1.2751911298823975e-07,114.0719809813146,-11.041376849958718
Gen_8_Cross_178236,Gen_8_Cross_178236__4,1.0543581073797107e-05,1.509802801699513e-07,69.83416020905976,-11.298207059973853
Gen_8_Mutant_23_669159,Gen_8_Mutant_23_669159__3,3.191637956284309e-05,1.9014914803386492e-06,16.78491851941345,-9.770303013699275
Gen_8_Mutant_24_622399,Gen_8_Mutant_24_622399__2,626.0245511233495,8.172777298444324e-07,765987531.8547006,6.4393895809712856
Gen_8_Cross_820388,Gen_8_Cross_820388__3,3.719764811882113e-05,4.1590092830141227e-07,89.43872347373843,-10.086489601326202
Gen_8_Cross_994185,Gen_8_Cross_994185__5,4.000010599099271e-05,4.92419035910961e-07,81.2318433567331,-10.00348116659639
Gen_8_Mutant_18_241701,Gen_8_Mutant_18_241701__2,2645134742382.3765,3.5127314248113844e-07,7.530136587440375e+18,28.60374312224087
Gen_8_Cross_390670,Gen_8_Cross_390670__1,1.7985376064857004e-05,4.92419035910961e-07,36.52453449851827,-10.634783360316128
Gen_8_Mutant_24_254904,Gen_8_Mutant_24_254904__4,1.211350917271746e+16,1.2751911298823975e-07,9.499367497823334e+22,37.03309768528995
Gen_8_Cross_970984,Gen_8_Cross_970984__1,7.340065068386193e-06,5.830150654334497e-07,12.589837730743941,-10.95223613871319
Gen_8_Mutant_19_890234,Gen_8_Mutant_19_890234__2,1.0648596366015573e+38,1.7083570853870422e-05,6.23323803735274e+42,87.56107652763093
Gen_8_Cross_202935,Gen_8_Cross_202935__4,6.6915832310595645e-06,9.096731904955463e-08,73.56029946770566,-11.754861072080988
Gen_8_Mutant_18_525943,Gen_8_Mutant_18_525943__4,38.9335269083246,4.7059609167699205e-05,827323.6347880214,3.661851327532726
Gen_8_Cross_474343,Gen_8_Cross_474343__2,9.538335335671505e-06,4.1590092830141227e-07,22.934152550770143,-11.077191752198432
Gen_8_Cross_371834,Gen_8_Cross_371834__2,1.3174155588835055e-05,4.92419035910961e-07,26.75395268678687,-10.832365155340305
Gen_8_Cross_461681,Gen_8_Cross_461681__2,0.0001715380892056891,1.1456700303328867e-06,149.72730774483722,-8.613179446325834
Gen_8_Cross_887108,Gen_8_Cross_887108__2,6.844164419035562e-06,2.966880144570127e-07,23.06855715611396,-11.39802082244031
Gen_8_Cross_476071,Gen_8_Cross_476071__5,2.000513593238969e-05,5.830150654334497e-07,34.31324011758877,-10.51313441255862
Gen_8_Cross_887620,Gen_8_Cross_887620__5,4.077771000319679e-06,1.0770362963297668e-07,37.8610360135082,-12.090618065971077
Gen_8_Cross_413040,Gen_8_Cross_413040__1,662546234570854.5,6.902790951075892e-07,9.598236992351446e+20,34.12711145938533
Gen_8_Mutant_35_706911,Gen_8_Mutant_35_706911__1,0.379917645494246,2.2513308767194835e-06,168752.4696715577,-0.9677950371351889
Gen_8_Mutant_21_351398,Gen_8_Mutant_21_351398__3,0.00265819995930995,7.342668715297711e-06,362.0209575534653,-5.913770654980048
Gen_8_Cross_869707,Gen_8_Cross_869707__1,5.571211169542004e-06,7.683170161732237e-08,72.5118805423662,-11.933327430884969
Gen_8_Mutant_31_397361,Gen_8_Mutant_31_397361__3,7.88359769429485e-05,2.0226633117017023e-05,3.8976322201949865,-7.519016850703945
Gen_8_Cross_354757,Gen_8_Cross_354757__5,4.062991527534086e-06,9.096731904955463e-08,44.664298893108665,-12.141746470922216
Gen_8_Cross_71687,Gen_8_Cross_71687__5,0.00022774842760888315,1.6060144189329578e-06,141.80970290428655,-8.328538540222327
Gen_8_Cross_461681,Gen_8_Cross_461681__4,5.404122182509996e-05,2.2513308767194835e-06,24.004122354438582,-9.432797695828055
Gen_8_Cross_928393,Gen_8_Cross_928393__1,2.7245507104404685e+20,1.2751911298823975e-07,2.1365822319448976e+27,47.05400539749985
Gen_8_Mutant_6_643298,Gen_8_Mutant_6_643298__4,1.6187540583099958e+17,1.7083570853870422e-05,9.475501768081781e+21,39.625603334425435
Gen_8_Cross_169095,Gen_8_Cross_169095__3,1.0831954508193724,7.342668715297711e-06,147520.67576774146,0.07991488168663201
Gen_8_Cross_277924,Gen_8_Cross_277924__1,0.01702304736548406,1.6060144189329578e-06,10599.560729220748,-4.072802883102764
Gen_8_Cross_501033,Gen_8_Cross_501033__5,0.00028253063073970604,2.1164602416720824e-07,1334.9205677329253,-8.165606662604716
Gen_8_Cross_820388,Gen_8_Cross_820388__1,3.661921844280623e-05,3.5127314248113844e-07,104.247134250443,-10.117880681956251
Gen_8_Cross_501033,Gen_8_Cross_501033__3,4.5290458318413655e-06,3.9098552253104834e-08,115.83666327393777,-12.199681311709817
Gen_8_Cross_446984,Gen_8_Cross_446984__5,0.00013328334619929437,8.693584466298958e-06,15.331230370622476,-8.37665476595926
Gen_8_Mutant_28_806121,Gen_8_Mutant_28_806121__5,89819260918849.1,2.966880144570127e-07,3.027397688552837e+20,32.12882055508456
Gen_8_Cross_236774,Gen_8_Cross_236774__1,0.020349929693791166,1.6060144189329578e-06,12671.075336491524,-3.8943704786208455
Gen_8_Mutant_10_803559,Gen_8_Mutant_10_803559__4,7.271950293975594e-05,1.9014914803386492e-06,38.2434019251061,-9.286085578862057
Gen_8_Cross_373476,Gen_8_Cross_373476__1,2.513264677715435e-06,3.9098552253104834e-08,64.28024908558746,-12.696411456069212
Gen_8_Cross_168556,Gen_8_Cross_168556__1,2.5290162692514737e-05,6.902790951075892e-07,36.637590319279376,-10.303857743387297
Gen_8_Cross_476071,Gen_8_Cross_476071__3,6.8653494289594676e-06,1.509802801699513e-07,45.47182864696947,-11.633190699983988
Gen_8_Cross_553831,Gen_8_Cross_553831__4,3.791500889573985e-06,2.505849929223415e-07,15.130598386428531,-11.708893332037782
Gen_8_Mutant_18_629617,Gen_8_Mutant_18_629617__1,1.0061789854537795e+25,0.00035709818396099377,2.8176536052159974e+28,57.57078729864927
Gen_8_Cross_926710,Gen_8_Cross_926710__4,0.0008237051255667446,3.1559434689496957e-06,261.0012294804746,-7.074592359256402
Gen_8_Cross_413040,Gen_8_Cross_413040__2,2.9555603748866295,4.92419035910961e-07,6002124.530825515,1.0836880885000935
Gen_8_Cross_793131,Gen_8_Cross_793131__3,2.991228087124889e-06,1.2751911298823975e-07,23.457096093514625,-12.199739164109419
Gen_8_Cross_343491,Gen_8_Cross_343491__1,8.263398984388809e-06,6.489264974597642e-08,127.33952175995356,-11.61248148914955
Gen_8_Cross_390670,Gen_8_Cross_390670__3,9.240562445790276e-06,5.830150654334497e-07,15.84961177447493,-10.903944902031911
Gen_8_Mutant_17_417989,Gen_8_Mutant_17_417989__1,0.0029045023957101944,1.1456700303328867e-06,2535.1997685286924,-5.839189949222498
Gen_8_Cross_465751,Gen_8_Cross_465751__5,9.355347453470959e-06,4.1590092830141227e-07,22.4941730514507,-11.086692909756767
Gen_8_Cross_950985,Gen_8_Cross_950985__1,1.0233418986290883e-05,5.830150654334497e-07,17.55258070163714,-10.870538961681337
Gen_8_Cross_823851,Gen_8_Cross_823851__3,1.741155909588436e-06,5.480883414541699e-08,31.767796865900458,-12.856266416679354
Gen_8_Cross_490920,Gen_8_Cross_490920__5,1659.099263887314,5.571771015598962e-05,29776874.52055066,7.414029872981116
Gen_8_Mutant_11_797238,Gen_8_Mutant_11_797238__5,2.861228059304872e-06,1.680490097169955e-08,170.26152454711576,-12.689728826921192
Gen_8_Cross_793131,Gen_8_Cross_793131__1,5.595066429525782e-06,6.902790951075892e-07,8.10551336290101,-10.765460212826278
Gen_8_Cross_661346,Gen_8_Cross_661346__2,1.971701541744252e-05,2.966880144570127e-07,66.45706754796909,-10.67342228987969
Gen_8_Cross_737875,Gen_8_Cross_737875__3,0.0010054893571420774,6.902790951075892e-07,1456.6417616708477,-6.897545695262549
Gen_8_Cross_994700,Gen_8_Cross_994700__5,0.00014793345159106052,2.1164602416720824e-07,698.966362222744,-8.806149219831234
Gen_8_Cross_809173,Gen_8_Cross_809173__5,13312.947016938668,6.902790951075892e-07,19286325069.519405,9.49649230013281
Gen_8_Cross_411165,Gen_8_Cross_411165__3,0.0002159456178805135,6.596874219596592e-05,3.2734536189734857,-6.465387295367956
Gen_8_Mutant_24_324646,Gen_8_Mutant_24_324646__4,0.0005686411608885968,7.342668715297711e-06,77.44339053509117,-7.377004240220407
Gen_8_Cross_70554,Gen_8_Cross_70554__5,0.000790425482748915,2.2513308767194835e-06,351.0925430475506,-7.122652064511583
Gen_8_Cross_692916,Gen_8_Cross_692916__2,1.1716748166518895e-06,3.3022939796031453e-08,35.48063327761922,-13.282711253429374
Gen_8_Cross_994185,Gen_8_Cross_994185__3,2.450519271022154e-05,3.5127314248113844e-07,69.76107691335196,-10.466590694415602
Gen_8_Cross_654338,Gen_8_Cross_654338__3,1.3845965382581644e-06,1.0770362963297668e-07,12.855616314663445,-12.516482013358921
Gen_8_Cross_377194,Gen_8_Cross_377194__3,0.03252134339057463,5.237982542752388e-06,6208.753680474416,-3.4253069955344158
Gen_8_Cross_329459,Gen_8_Cross_329459__5,1.633450348734587e-06,4.629196545585792e-08,35.28582838618457,-12.957597818079792
Gen_8_Cross_580561,Gen_8_Cross_580561__3,0.005035433912093752,3.7365789172835235e-06,1347.6053961559282,-5.287332075650649
Gen_8_Cross_476071,Gen_8_Cross_476071__2,0.00010073598555488882,3.5127314248113844e-07,286.7739470298325,-9.171027479674033
Gen_8_Cross_142088,Gen_8_Cross_142088__4,4.9527890462461405e-05,9.676417733548232e-07,51.184117745090454,-9.723013078076683
Gen_8_Cross_70554,Gen_8_Cross_70554__1,9.918970763631531e-06,1.7875786982849592e-07,55.48830254661236,-11.317106578943376
Gen_8_Mutant_5_404486,Gen_8_Mutant_5_404486__3,1679464400492264.8,6.902790951075892e-07,2.4330222549047323e+21,35.05725132826459
Gen_8_Cross_258281,Gen_8_Cross_258281__3,0.010430560166476838,5.571771015598962e-05,187.20367612514957,-4.538770212909527
Gen_8_Cross_474343,Gen_8_Cross_474343__5,7.4546222498871004e-06,4.92419035910961e-07,15.13877755780961,-11.07510437429605
Gen_8_Mutant_21_583800,Gen_8_Mutant_21_583800__4,3.800344395818145e-05,2.505849929223415e-07,151.65889830425343,-10.111163345936665
Gen_8_Cross_580561,Gen_8_Cross_580561__1,5.02992211278742e-06,2.505849929223415e-07,20.07271885729501,-11.621153425906051
Gen_8_Cross_124503,Gen_8_Cross_124503__5,27038.685903089623,8.693584466298958e-06,3110188439.2917805,10.205023927436288
Gen_8_Cross_114228,Gen_8_Cross_114228__3,7.076894690546013e-06,1.2751911298823975e-07,55.49673711421337,-11.648775168444539
Gen_8_Cross_655915,Gen_8_Cross_655915__1,7.475341656307223e+27,4.7059609167699205e-05,1.588483582527955e+32,64.18140733560087
Gen_8_Mutant_24_254904,Gen_8_Mutant_24_254904__2,8388009420.990639,2.966880144570127e-07,2.8272154627958464e+16,22.85006907313646
Gen_8_Mutant_18_525943,Gen_8_Mutant_18_525943__3,0.00033044027459958134,2.394796092397286e-05,13.798263478407362,-7.473461305106199
Gen_8_Mutant_19_890234,Gen_8_Mutant_19_890234__1,5.500639156586327e+31,1.4428916143916895e-05,3.812233089250677e+36,73.08500217859037
Gen_8_Cross_71687,Gen_8_Cross_71687__2,2.3120938474106883e-05,1.0770362963297668e-07,214.671859740442,-10.62527649128621
Gen_8_Cross_661346,Gen_8_Cross_661346__1,4.0833495593982147e-05,6.902790951075892e-07,59.15505175137558,-9.938008522025491
Gen_8_Cross_292641,Gen_8_Cross_292641__3,38117278376856.125,3.97469100725155e-05,9.589997890984174e+17,31.271688795965723
Gen_8_Cross_655915,Gen_8_Cross_655915__4,8.248570366968518e+21,3.97469100725155e-05,2.0752733613555292e+26,50.464326849353
Gen_8_Mutant_21_583800,Gen_8_Mutant_21_583800__1,1.0007813954236806e-05,2.7891430498829263e-08,358.81321880055174,-11.480149595794087
Gen_8_Cross_868278,Gen_8_Cross_868278__3,3.900150841318049e-05,4.92419035910961e-07,79.20390067989314,-10.025333969712715
Gen_8_Cross_643513,Gen_8_Cross_643513__4,28936576.14080729,7.342668715297711e-06,3940879980125.0527,17.180616963277103
Gen_8_Cross_654338,Gen_8_Cross_654338__1,1.2957702855304822e-06,9.096731904955463e-08,14.24434949901743,-12.667131121694464
Gen_8_Cross_815917,Gen_8_Cross_815917__5,5.330254111834755e-06,1.509802801699513e-07,35.30430666729948,-11.807657891324322
Gen_8_Cross_994700,Gen_8_Cross_994700__1,1.2841143366735348e-05,1.0770362963297668e-07,119.22665383232032,-11.169176022734204
Gen_8_Cross_692916,Gen_8_Cross_692916__1,5.429278820801482e-05,4.7059609167699205e-05,1.153702488572309,-5.26100966512446
Gen_8_Cross_950985,Gen_8_Cross_950985__2,5.63670219489172e-06,4.629196545585792e-08,121.7641579782704,-11.987760728804027
Gen_8_Cross_373476,Gen_8_Cross_373476__4,2.719967164500722e-06,6.489264974597642e-08,41.914872873092534,-12.516278872376693
Gen_8_Cross_23528,Gen_8_Cross_23528__2,1.1837666508082688e-05,5.480883414541699e-08,215.98099453594253,-11.291941924277817
Gen_8_Cross_447431,Gen_8_Cross_447431__4,2.468713151858179e-05,5.480883414541699e-08,450.422489430859,-10.585726669201906
Gen_8_Cross_869707,Gen_8_Cross_869707__2,6.433493207267272e-06,1.0770362963297668e-07,59.73329988219325,-11.757165246741499
Gen_8_Cross_277924,Gen_8_Cross_277924__2,9.546546199378553e-05,6.902790951075892e-07,138.2998017329584,-9.1902940619517
Gen_8_Cross_129083,Gen_8_Cross_129083__5,1.8273187694342955e-06,6.489264974597642e-08,28.15910240354449,-12.759537789304755
Gen_8_Cross_377194,Gen_8_Cross_377194__1,0.0002375579778056656,3.1559434689496957e-06,75.27320439764574,-8.235688223734769
Gen_8_Cross_936232,Gen_8_Cross_936232__4,0.0014368100307708372,1.7083570853870422e-05,84.10478365799713,-6.468420807757288
Gen_8_Cross_308889,Gen_8_Cross_308889__3,6.731481029036869e-06,3.1559434689496957e-06,2.132953614431224,-8.107600886537844
Gen_8_Cross_476071,Gen_8_Cross_476071__4,0.00010959324003520782,3.5127314248113844e-07,311.9886685931089,-9.089600470900097
Gen_8_Cross_661346,Gen_8_Cross_661346__3,5.746663293162223e-06,2.966880144570127e-07,19.369381347202552,-11.474487748675935
Gen_8_Cross_509303,Gen_8_Cross_509303__3,0.00010922000669489666,3.1559434689496957e-06,34.60771961522026,-8.865961787187887
Gen_8_Mutant_28_806121,Gen_8_Mutant_28_806121__2,161755573712172.72,9.676417733548232e-07,1.6716472786345778e+20,32.717107507523735
Gen_8_Cross_71687,Gen_8_Cross_71687__4,8.908950797468718e-06,2.7891430498829263e-08,319.4153414914545,-11.592162264709405
Gen_8_Cross_481672,Gen_8_Cross_481672__5,2.5131690966688416e+19,0.0007017257554849765,3.5814120787570936e+22,44.67066131195049
Gen_8_Cross_718617,Gen_8_Cross_718617__3,4017022761.7996426,6.201674817978091e-06,647731923988445.8,22.113806858675314
Gen_8_Cross_530230,Gen_8_Cross_530230__2,0.0012488023575460197,2.2513308767194835e-06,554.6951674050268,-6.6735392977811125
Gen_8_Cross_895522,Gen_8_Cross_895522__5,6.909666542019505e-06,9.096731904955463e-08,75.95768034293118,-11.728184977206364
Gen_8_Cross_390670,Gen_8_Cross_390670__4,1.3589732976010358e-05,6.902790951075892e-07,19.687301951237878,-10.664501561134209
Gen_8_Mutant_7_728088,Gen_8_Mutant_7_728088__3,8.144937005674182e-06,6.902790951075892e-07,11.799483807929436,-10.802599469470694
Gen_8_Cross_705003,Gen_8_Cross_705003__4,4.949110069634312e-05,3.97469100725155e-05,1.2451559279966673,-5.498114493674437
Gen_8_Cross_883814,Gen_8_Cross_883814__2,2.6559159212940762e-05,4.629196545585792e-08,573.7315093753465,-10.51780361532878
Gen_8_Mutant_11_965774,Gen_8_Mutant_11_965774__5,2.070393526432597e-06,1.4193549404956241e-08,145.86862435619076,-12.9986597571966
Gen_8_Cross_994700,Gen_8_Cross_994700__2,1.130771755369391e-05,1.0770362963297668e-07,104.98919667078438,-11.282561076527033
Gen_8_Cross_76543,Gen_8_Cross_76543__2,1.1683157501431505e-06,1.012514208191944e-08,115.38759068175673,-13.542581363966772
Gen_8_Mutant_11_818048,Gen_8_Mutant_11_818048__1,1.280757324142307e-05,5.830150654334497e-07,21.967825534493045,-10.774984548805016
Gen_8_Cross_231859,Gen_8_Cross_231859__3,8.16972750935798e-05,2.0226633117017023e-05,4.039094130048093,-7.544596659716415
Gen_8_Mutant_16_157959,Gen_8_Mutant_16_157959__3,1.1863443293786681e+39,6.596874219596592e-05,1.7983431090053658e+43,89.97169521351874
Gen_8_Cross_793131,Gen_8_Cross_793131__4,0.00011280242018753687,1.1456700303328867e-06,98.45978091506935,-8.998480316490246
Gen_8_Mutant_7_728088,Gen_8_Mutant_7_728088__4,9.70029802873519e-06,8.172777298444324e-07,11.869035059332434,-10.646367197164352
Gen_8_Cross_994700,Gen_8_Cross_994700__4,4.2469445792204566e-05,2.966880144570127e-07,143.14513469622477,-9.996888233750786
Gen_8_Cross_451258,Gen_8_Cross_451258__5,1.3386455687239477e+23,6.596874219596592e-05,2.029211902733243e+27,53.251115472044795
Gen_8_Cross_371834,Gen_8_Cross_371834__1,2.0320789776691815e-05,4.1590092830141227e-07,48.859688435138345,-10.58718067834014
Gen_8_Cross_654338,Gen_8_Cross_654338__2,0.00029515300586728505,1.7875786982849592e-07,1651.1329327791896,-8.123096961061075
Gen_8_Cross_373476,Gen_8_Cross_373476__5,5.8076416452445565e-06,1.0770362963297668e-07,53.92243200192367,-11.836820284803085
Gen_8_Cross_881062,Gen_8_Cross_881062__4,1.3355384449212288e-05,2.505849929223415e-07,53.2968247358342,-11.016882871910427
Gen_8_Mutant_35_706911,Gen_8_Mutant_35_706911__4,0.0005252235196506602,9.676417733548232e-07,542.7871492460533,-7.5377994237167805
Gen_8_Cross_169095,Gen_8_Cross_169095__4,0.2283525159721392,3.7365789172835235e-06,61112.72397215967,-1.4768405555159545
Gen_8_Cross_131060,Gen_8_Cross_131060__4,533.7875099347486,0.0003016078895678205,1769806.1900821712,6.279994289890016
Gen_8_Cross_928393,Gen_8_Cross_928393__2,0.0009408410169608375,2.505849929223415e-07,3754.5784605401823,-6.966880814433332
Gen_8_Mutant_18_629617,Gen_8_Mutant_18_629617__3,1.6512262783371543e+36,0.00025474035751324605,6.481997177268205e+39,83.39458155865474
Gen_8_Mutant_21_351398,Gen_8_Mutant_21_351398__5,2.54564461779729e-06,5.830150654334497e-07,4.366344488722087,-10.480772616092612
Gen_8_Cross_820388,Gen_8_Cross_820388__4,1.4311455818069357e-05,4.1590092830141227e-07,34.410733047697214,-10.839448277507746
Gen_8_Cross_474438,Gen_8_Cross_474438__3,0.00012556977682915544,1.3564522063286917e-06,92.57220876879735,-8.886651988469433
Gen_8_Mutant_14_354964,Gen_8_Mutant_14_354964__1,0.005264752531550895,1.2751911298823975e-07,41285.98770943794,-5.246594057764012
Gen_8_Mutant_10_803559,Gen_8_Mutant_10_803559__2,0.00011506514338113098,1.9014914803386492e-06,60.51309962253329,-8.922563660650216
Gen_8_Cross_737875,Gen_8_Cross_737875__5,6.110596487652418e-05,2.966880144570127e-07,205.96034183705748,-9.656018171434589
Gen_8_Cross_593339,Gen_8_Cross_593339__3,5.483058856722837e+22,7.810577525052863e-05,7.02004280622735e+26,52.358535176634696
Gen_8_Mutant_13_856177,Gen_8_Mutant_13_856177__2,0.005436701700433132,5.571771015598962e-05,97.57582795869241,-5.161683504333083
Gen_8_Cross_168556,Gen_8_Cross_168556__4,1.1337547854680201e-05,1.509802801699513e-07,75.09290512587515,-11.237739374730722
Gen_8_Mutant_8_460912,Gen_8_Mutant_8_460912__1,3.178996245968694e-05,2.1164602416720824e-07,150.2034474059937,-10.287867081379291
Gen_8_Cross_62845,Gen_8_Cross_62845__4,0.00012550829275420893,8.693584466298958e-06,14.43688656166476,-8.401211876883368
Gen_8_Cross_732161,Gen_8_Cross_732161__2,3.852623426474107e-05,3.1559434689496957e-06,12.207517227031534,-9.394596436864767
Gen_8_Cross_51872,Gen_8_Cross_51872__2,6.947690000155971e-05,1.9014914803386492e-06,36.53810743826531,-9.319454994606744
Gen_8_Cross_236774,Gen_8_Cross_236774__4,0.00015333107744028637,5.480883414541699e-08,2797.5613754796063,-8.779772703174679
Gen_8_Cross_390670,Gen_8_Cross_390670__2,9.669875034075645e-06,5.830150654334497e-07,16.58597797449103,-10.889921213202275
Gen_8_Cross_55903,Gen_8_Cross_55903__4,6.379288819180261e-06,4.1590092830141227e-07,15.338481799581496,-11.230289585308668
Gen_8_Cross_231859,Gen_8_Cross_231859__1,0.00020486861998121803,1.7083570853870422e-05,11.992142727865549,-7.839427964813635
Gen_8_Cross_124503,Gen_8_Cross_124503__1,692804654.8900363,2.835394447994561e-05,24434154315991.15,20.356258634141223
Gen_8_Cross_897709,Gen_8_Cross_897709__5,1.7798940042233763e-05,1.3564522063286917e-06,13.121686086093309,-10.161933557049892
Gen_8_Cross_815917,Gen_8_Cross_815917__3,9.188896378935791e-06,9.096731904955463e-08,101.01316027495679,-11.483828261551952
Gen_8_Mutant_11_965774,Gen_8_Mutant_11_965774__1,1.0499699964953505e-06,7.2228939537321e-09,145.36694062257783,-13.672692559028699
Gen_8_Cross_644806,Gen_8_Cross_644806__4,5.01033338617417e-05,1.2751911298823975e-07,392.9084251579008,-9.876286650413181
Gen_8_Mutant_13_44475,Gen_8_Mutant_13_44475__2,0.5993955009775173,9.096731904955463e-08,6589130.110023308,-0.5118335523259537
Gen_8_Mutant_24_439956,Gen_8_Mutant_24_439956__2,9.139517802284592e-05,8.693584466298958e-06,10.51294530778911,-8.492503886668432
Gen_8_Mutant_21_351398,Gen_8_Mutant_21_351398__4,0.0011651797948364834,1.02930438241364e-05,113.20070279932413,-6.6957306764867965
Gen_8_Mutant_23_669159,Gen_8_Mutant_23_669159__1,491450.32279754,9.096731904955463e-08,5402493202309.518,13.105116140818954
Gen_8_Cross_178236,Gen_8_Cross_178236__1,1.5775453151626124e-05,4.1590092830141227e-07,37.9307957211226,-10.77303720092907
Gen_8_Cross_447431,Gen_8_Cross_447431__3,3.6066864924114016e-06,4.629196545585792e-08,77.91171657748227,-12.373901554647446
Gen_8_Mutant_21_583800,Gen_8_Mutant_21_583800__2,1.1348467006577217e-05,3.5127314248113844e-07,32.30667430598276,-11.04456163734675
Gen_8_Cross_131060,Gen_8_Cross_131060__1,2.1852211314490282e+30,2.394796092397286e-05,9.124873463700766e+34,69.85926981757261
Gen_8_Cross_142088,Gen_8_Cross_142088__1,4.195261970409019e-05,1.3564522063286917e-06,30.92819600156583,-9.763293538506097
Gen_8_Cross_329459,Gen_8_Cross_329459__3,2.497058683901967e-05,5.480883414541699e-08,455.5941980588117,-10.574601381404966
Gen_8_Cross_308889,Gen_8_Cross_308889__2,9.097945625810848e-06,3.7365789172835235e-06,2.4348329922133733,-8.228123846408776
Gen_8_Cross_920985,Gen_8_Cross_920985__2,2.136784397024715e-05,2.1164602416720824e-07,100.96028996682573,-10.648154643512102
Gen_8_Cross_593339,Gen_8_Cross_593339__4,828253990200410.2,0.00035709818396099377,2.31940129466153e+18,34.35034097472497
Gen_8_Mutant_14_354964,Gen_8_Mutant_14_354964__4,2.5908361619458905e-05,2.966880144570127e-07,87.32527219502082,-10.44137602163524
Gen_8_Cross_508664,Gen_8_Cross_508664__2,3.8184867025976716e-05,1.9014914803386492e-06,20.081534637839198,-9.690512888708241
Gen_8_Cross_23528,Gen_8_Cross_23528__4,5.428824975056381e-06,7.683170161732237e-08,70.65865861068481,-11.954599804642255
Gen_8_Cross_896410,Gen_8_Cross_896410__1,7.712928695014757e-06,1.0770362963297668e-07,71.61252337825775,-11.610483354703272
Gen_8_Mutant_23_821547,Gen_8_Mutant_23_821547__3,9.554441159433611e+16,1.9014914803386492e-06,5.024708897318855e+22,39.098367577171075
Gen_8_Cross_926710,Gen_8_Cross_926710__3,3.769470894970141e-05,5.237982542752388e-06,7.196417445464428,-8.943253869226481
Gen_8_Cross_883814,Gen_8_Cross_883814__1,1.8745043472308274e+22,3.1559434689496957e-06,5.939600520964547e+27,51.28521632220169
Gen_8_Cross_451258,Gen_8_Cross_451258__2,1.6562590705479846e+32,5.571771015598962e-05,2.972589982450917e+36,74.18728446310413
Gen_8_Cross_23528,Gen_8_Cross_23528__3,1.2340448969970036e-05,5.480883414541699e-08,225.15437816518343,-11.252650666917344
Gen_8_Cross_178236,Gen_8_Cross_178236__2,9.673305104522251e-06,4.1590092830141227e-07,23.2586763968745,-11.07018130475627
Gen_8_Cross_390670,Gen_8_Cross_390670__5,7.5621500842996286e-06,5.830150654334497e-07,12.970762734368545,-10.948281190102726
Gen_8_Cross_62845,Gen_8_Cross_62845__1,88120.60488748769,2.6655342760556763e-06,33059265333.434067,11.386461664909254
Gen_8_Cross_461681,Gen_8_Cross_461681__5,0.007430345049243489,2.6655342760556763e-06,2787.563122331535,-4.900425021125967
Gen_8_Cross_869707,Gen_8_Cross_869707__5,32832255927.41658,6.902790951075892e-07,4.7563740753729816e+16,24.214677281524537
Gen_8_Cross_332074,Gen_8_Cross_332074__2,87346953.39602394,3.97469100725155e-05,2197578459222.7534,18.28539871580554
Gen_8_Mutant_11_797238,Gen_8_Mutant_11_797238__1,1.8336560954228806e-06,1.680490097169955e-08,109.11436482195677,-13.089239812031954
Gen_8_Mutant_11_818048,Gen_8_Mutant_11_818048__2,9.312628398529928e-06,8.172777298444324e-07,11.394692475350542,-10.6495343781525
Gen_8_Cross_869707,Gen_8_Cross_869707__3,6.7902832493889505e-06,9.096731904955463e-08,74.64530471311274,-11.742704530372475
Gen_8_Cross_394904,Gen_8_Cross_394904__1,7.520122399000737e-06,1.2751911298823975e-07,58.972511828044695,-11.601205882355144
Gen_8_Cross_675538,Gen_8_Cross_675538__4,5691248870.884197,0.0003016078895678205,18869694950749.77,22.46219554621701
Gen_8_Cross_883814,Gen_8_Cross_883814__5,8.282260367311727e-06,1.509802801699513e-07,54.856570394416956,-11.491904605100322
Gen_8_Cross_920985,Gen_8_Cross_920985__1,1.828243266903105e-05,2.966880144570127e-07,61.62174330665455,-10.735356153620774
Gen_8_Mutant_18_600747,Gen_8_Mutant_18_600747__1,8.729629846984578e-06,4.1590092830141227e-07,20.989685891391012,-11.119048890418858
Gen_8_Mutant_7_354160,Gen_8_Mutant_7_354160__4,4.704848388949272e-05,9.676417733548232e-07,48.62179908415402,-9.763526380780041
Gen_8_Mutant_16_157959,Gen_8_Mutant_16_157959__5,4.9454169666517025e+19,0.00021515567725685956,2.2985296180438266e+23,45.34757804926654
Gen_8_Mutant_17_255764,Gen_8_Mutant_17_255764__2,591613949144524.2,0.0003016078895678205,1.9615334001781542e+18,34.01387542516289
Gen_8_Cross_277924,Gen_8_Cross_277924__3,0.0001008755854557611,6.902790951075892e-07,146.1373901813415,-9.139085004675875
Gen_8_Cross_918757,Gen_8_Cross_918757__1,8.019500695987696e-06,1.0770362963297668e-07,74.45896413441099,-11.57813750339609
Gen_8_Mutant_8_460912,Gen_8_Mutant_8_460912__4,7.153884763854664,2.6655342760556763e-06,2683846.472400506,1.9676547996278169
Gen_8_Mutant_18_751775,Gen_8_Mutant_18_751775__1,2046.0808179150408,0.0007017257554849765,2915784.1249548467,7.623678831554794
Gen_8_Cross_71687,Gen_8_Cross_71687__3,2.1517039417440853e-05,9.096731904955463e-08,236.53593007087966,-10.701423132631279
Gen_8_Cross_580561,Gen_8_Cross_580561__5,2.4675064562169715e-06,1.7875786982849592e-07,13.803624190556475,-12.040063172938655
Gen_8_Mutant_10_803559,Gen_8_Mutant_10_803559__3,4.002155967524196,2.0226633117017023e-05,197865.65289292322,1.3868261988685642
Gen_8_Cross_743763,Gen_8_Cross_743763__2,13387.122956030213,7.342668715297711e-06,1823195826.35391,9.502048545265676
Gen_8_Cross_936232,Gen_8_Cross_936232__2,35624554.141758,0.0007017257554849765,50767060868.582726,17.38854568081318
Gen_8_Mutant_23_821547,Gen_8_Mutant_23_821547__1,1.6068730298483058e+21,6.902790951075892e-07,2.327859906575692e+27,48.82857702583571
Gen_8_Mutant_13_194358,Gen_8_Mutant_13_194358__1,3.8296171903292784e+28,3.97469100725155e-05,9.635006050388334e+32,65.8151474517248
Gen_8_Cross_980011,Gen_8_Cross_980011__3,7.428732759815546e-06,1.0770362963297668e-07,68.97383853385956,-11.641375688258712
Gen_8_Cross_451258,Gen_8_Cross_451258__1,5.035259445051638e+18,0.00010948964181059926,4.598845481440048e+22,43.06299672704795
Gen_8_Cross_820388,Gen_8_Cross_820388__5,1.7461604926139174e-05,4.92419035910961e-07,35.46086493962547,-10.65503307458776
Gen_8_Cross_897709,Gen_8_Cross_897709__3,3.11432765796199e-06,1.509802801699513e-07,20.627380307258274,-12.093226667312901
Gen_8_Cross_465751,Gen_8_Cross_465751__2,9.756314079909924e-05,2.2513308767194835e-06,43.33576277391217,-9.026713692083797
Gen_8_Cross_354757,Gen_8_Cross_354757__1,2.5338921311162815e-06,3.9098552253104834e-08,64.80782497298385,-12.689945202936817
Gen_8_Mutant_11_797238,Gen_8_Mutant_11_797238__3,2.0109822289688983e-06,1.680490097169955e-08,119.66641352754841,-13.008183570302512
Gen_8_Mutant_16_157959,Gen_8_Mutant_16_157959__2,0.0013617968698834645,3.7365789172835235e-06,364.45018291584347,-6.580893178910317
Gen_8_Cross_926710,Gen_8_Cross_926710__1,0.10286579251340562,3.1559434689496957e-06,32594.3077008409,-2.274260350911857
Gen_8_Mutant_6_643298,Gen_8_Mutant_6_643298__2,123847524755.10394,6.596874219596592e-05,1877366774512754.0,25.542317006853253
Gen_8_Cross_76543,Gen_8_Cross_76543__5,0.004155414600032169,8.172777298444324e-07,5084.45837723138,-5.482264832559926
Gen_8_Cross_823851,Gen_8_Cross_823851__5,2.3490138696067976e-06,3.3022939796031453e-08,71.1327908452624,-12.781825311593838
Gen_8_Cross_474343,Gen_8_Cross_474343__4,0.001967639956570916,2.6655342760556763e-06,738.1784485932519,-6.222490924728004
Gen_8_Cross_490920,Gen_8_Cross_490920__1,0.004257925287407208,1.4428916143916895e-05,295.0966825877848,-5.440536803749388
Gen_8_Cross_490920,Gen_8_Cross_490920__3,0.00835797503871473,1.7083570853870422e-05,489.2405171147906,-4.77477952646145
Gen_8_Cross_823851,Gen_8_Cross_823851__2,0.0004180829734116431,1.9014914803386492e-06,219.87107369904382,-7.744607242039887
Gen_8_Cross_451258,Gen_8_Cross_451258__3,887.9299942236012,4.7059609167699205e-05,18868197.376213208,6.788892544744618
Gen_8_Cross_509303,Gen_8_Cross_509303__5,1.2179367185566684e-05,2.1164602416720824e-07,57.54592949945769,-11.122487081458331
Gen_8_Cross_332074,Gen_8_Cross_332074__1,52501.59941005919,1.2186774232918459e-05,4308080088.022295,10.868598910546336
Gen_8_Cross_975485,Gen_8_Cross_975485__5,0.004997479795067927,1.1456700303328867e-06,4362.058588209605,-5.297607060532754
Gen_8_Cross_897709,Gen_8_Cross_897709__2,2.1523963065637604e-06,1.2751911298823975e-07,16.879009398083422,-12.31908247985633
Gen_8_Cross_815917,Gen_8_Cross_815917__4,6.087734668666359e-06,2.505849929223415e-07,24.29409118906415,-11.534450334033869
Gen_8_Cross_446984,Gen_8_Cross_446984__3,0.00012178945514952377,1.02930438241364e-05,11.832209910924192,-8.3108267143708
Gen_8_Cross_23528,Gen_8_Cross_23528__5,1.1611743738107653e-05,5.480883414541699e-08,211.85898074933974,-11.31010850139361
Gen_8_Mutant_18_629617,Gen_8_Mutant_18_629617__4,4.487103850270789e+32,0.0001296337184983118,3.461370932076768e+36,75.1839304472359
Gen_8_Cross_633008,Gen_8_Cross_633008__4,4.373373916425757e-05,4.1590092830141227e-07,105.15422348988554,-9.942835896907734
Gen_8_Cross_465751,Gen_8_Cross_465751__4,7.24889846654607e-05,1.9014914803386492e-06,38.12217168206857,-9.28842699607586
Gen_8_Cross_869707,Gen_8_Cross_869707__4,6.66541633469806e-06,7.683170161732237e-08,86.75346496810224,-11.78275925120586
Gen_8_Mutant_11_956270,Gen_8_Mutant_11_956270__1,6.21982059419527e-06,2.505849929223415e-07,24.821201468049793,-11.523508778484501
Gen_8_Cross_743763,Gen_8_Cross_743763__4,11602216.88073926,2.835394447994561e-05,409192339674.1277,16.26670674818613
Gen_8_Cross_897709,Gen_8_Cross_897709__4,5.2376287122753836e-06,7.683170161732237e-08,68.17015114883925,-11.983848505357006
Gen_8_Cross_474438,Gen_8_Cross_474438__5,8.178016988612357e-06,2.1164602416720824e-07,38.64006905299303,-11.418550251888153
Gen_8_Cross_332074,Gen_8_Cross_332074__3,91976.68385194743,1.2186774232918459e-05,7547254268.771423,11.429290386004508
Gen_8_Mutant_24_622399,Gen_8_Mutant_24_622399__5,288.21596821110916,6.902790951075892e-07,417535414.6661313,5.663710075166492
Gen_8_Mutant_17_417989,Gen_8_Mutant_17_417989__5,0.001007018809489437,4.629196545585792e-08,21753.641254435133,-6.900443778004163
Gen_8_Mutant_27_953149,Gen_8_Mutant_27_953149__1,3084.6768434386427,1.7875786982849592e-07,17256173652.092335,8.034202179475844
Gen_8_Mutant_8_460912,Gen_8_Mutant_8_460912__3,0.002531533179118328,6.201674817978091e-06,408.2015348143769,-5.9643189486621155
Gen_8_Mutant_21_583800,Gen_8_Mutant_21_583800__3,1.0632271330411746e-05,3.3022939796031453e-08,321.96622699501404,-11.416159087525324
Gen_8_Cross_970984,Gen_8_Cross_970984__4,2.8437410943935592e-06,1.680490097169955e-08,169.2209373433731,-12.695367645733459
Gen_8_Cross_131060,Gen_8_Cross_131060__5,1.3581392105710995e+42,5.571771015598962e-05,2.4375359410298744e+46,97.01468944109868
Gen_8_Cross_129083,Gen_8_Cross_129083__2,1.7303683675619296e-06,6.489264974597642e-08,26.665090335122564,-12.787612428636583
Gen_8_Cross_644806,Gen_8_Cross_644806__1,6.362934049988038e-06,1.2751911298823975e-07,49.897885116051974,-11.72994201686321
Gen_8_Cross_815917,Gen_8_Cross_815917__1,9.590670331706275e-06,9.096731904955463e-08,105.42984482681894,-11.446153234671067
Gen_8_Cross_124503,Gen_8_Cross_124503__4,23628.798929549863,8.693584466298958e-06,2717958170.320641,10.070221536980528
Gen_8_Cross_883814,Gen_8_Cross_883814__4,2.679252165981817e-05,1.9896693111168913e-08,1346.581640985271,-10.519575692585937
Gen_8_Cross_373476,Gen_8_Cross_373476__3,3.4966293301419517e-06,1.0770362963297668e-07,32.465287772171365,-12.188285939467635
Gen_8_Cross_62845,Gen_8_Cross_62845__2,352857.090183317,2.6655342760556763e-06,132377622510.05724,12.773818410174291
Gen_8_Mutant_13_44475,Gen_8_Mutant_13_44475__5,17803.01334470487,2.6655342760556763e-06,6678966203.746918,9.787123009515405
Gen_8_Mutant_6_643298,Gen_8_Mutant_6_643298__3,19518034.076095507,3.97469100725155e-05,491057897091.52734,16.78684942052833
Gen_8_Cross_743763,Gen_8_Cross_743763__5,23187.23782306564,7.342668715297711e-06,3157876069.6035986,10.051357309280952
Gen_8_Mutant_17_255764,Gen_8_Mutant_17_255764__5,0.0026605803254505333,1.1456700303328867e-06,2322.2919819919466,-5.9266589394029765
Gen_8_Cross_371834,Gen_8_Cross_371834__3,2.879111846807605e-05,5.830150654334497e-07,49.38314663733593,-10.247924934425841
Gen_8_Cross_980011,Gen_8_Cross_980011__1,7.3422967092021866e-06,9.096731904955463e-08,80.71356599178718,-11.6771844889081
Gen_8_Mutant_14_354964,Gen_8_Mutant_14_354964__2,1.826299118625804e-05,5.830150654334497e-07,31.32507591837304,-10.573105400877768
Gen_8_Cross_975485,Gen_8_Cross_975485__2,2.6223879833841592,3.1559434689496957e-06,830936.2981894271,0.9640841864614754
Gen_8_Mutant_18_293558,Gen_8_Mutant_18_293558__2,0.0002706125348463264,2.394796092397286e-05,11.300024069081912,-7.546952078130023
Gen_8_Mutant_11_965774,Gen_8_Mutant_11_965774__4,1.1486923627950767e-06,7.2228939537321e-09,159.03492009619532,-13.59142445087413
Gen_8_Cross_62845,Gen_8_Cross_62845__5,5.601301584943769e-05,1.4428916143916895e-05,3.8819974619543607,-7.784614801428491
Gen_8_Mutant_18_751775,Gen_8_Mutant_18_751775__2,9.66786648182097,0.00015348393413113442,62989.43623350759,2.268771634137663
Gen_8_Mutant_24_324646,Gen_8_Mutant_24_324646__3,0.0002492758829331393,3.7365789172835235e-06,66.71232923252742,-8.174417968836114
Gen_8_Cross_868278,Gen_8_Cross_868278__2,2.759571310084697e-05,3.5127314248113844e-07,78.55913180817323,-10.365899834696588
Gen_8_Mutant_27_953149,Gen_8_Mutant_27_953149__3,1961.955852866316,2.966880144570127e-07,6612858481.853452,7.581697137638143
Gen_8_Cross_896410,Gen_8_Cross_896410__3,5.173715355521618e-06,7.683170161732237e-08,67.33828935991129,-11.993806757054822
Gen_8_Mutant_23_821547,Gen_8_Mutant_23_821547__5,2.697396600473432e+22,1.2751911298823975e-07,2.1152880829105165e+29,51.6491591316713
Gen_8_Mutant_18_241701,Gen_8_Mutant_18_241701__4,8929602142424.371,1.7875786982849592e-07,4.9953616872877375e+19,29.820392956904442
Gen_8_Mutant_18_629617,Gen_8_Mutant_18_629617__5,2.4373013899359676e+20,7.342668715297711e-06,3.319367227964535e+25,46.94259329939911
Gen_8_Cross_477868,Gen_8_Cross_477868__1,53.461796482831,0.00018172214998736795,294195.2672612958,3.9789537895156144
Gen_8_Cross_530230,Gen_8_Cross_530230__1,0.19584534059616618,1.9014914803386492e-06,102995.64453546054,-1.630414179895721
Gen_8_Cross_887620,Gen_8_Cross_887620__3,1.6340021658281618e-06,6.489264974597642e-08,25.1800808292541,-12.815523419488356
Gen_8_Mutant_18_600747,Gen_8_Mutant_18_600747__5,1.08341957433913e-05,4.1590092830141227e-07,26.049943643163807,-11.010147812425382
Gen_8_Cross_718617,Gen_8_Cross_718617__1,6.4950649985741445e-06,6.489264974597642e-08,100.08937875089408,-11.826310404066742
Gen_8_Cross_692916,Gen_8_Cross_692916__5,289155456.65765345,1.3564522063286917e-06,213170397975368.2,19.482475013763867
Gen_8_Cross_476071,Gen_8_Cross_476071__1,4.286214420637385e-05,1.6060144189329578e-06,26.688517675234586,-9.694283549774047
Gen_8_Cross_168556,Gen_8_Cross_168556__2,2.75868596737578e-05,9.676417733548232e-07,28.509372407635826,-10.14241382124958
Gen_8_Mutant_7_728088,Gen_8_Mutant_7_728088__1,1.1555208171260522e-05,1.1456700303328867e-06,10.0859827570972,-10.342901451803646
Gen_8_Mutant_7_354160,Gen_8_Mutant_7_354160__3,8.659874078138102e-05,1.6060144189329578e-06,53.921521351544,-9.183905433045535
Gen_8_Mutant_27_953149,Gen_8_Mutant_27_953149__4,0.0012137868312957192,0.00010948964181059926,11.085859915364317,-6.158484129367697
Gen_8_Cross_950985,Gen_8_Cross_950985__5,1.6303347023972288e-05,2.1164602416720824e-07,77.03119908877682,-10.88286151223252
Gen_8_Mutant_28_806121,Gen_8_Mutant_28_806121__3,4043888887445191.0,3.5127314248113844e-07,1.1512092438613713e+22,35.93598321978768
Gen_8_Cross_692916,Gen_8_Cross_692916__3,5.2813252296653876e-05,4.42404058959089e-06,11.937786561207329,-9.087509353847398
Gen_8_Cross_55903,Gen_8_Cross_55903__3,1.6895065912958065e-05,9.676417733548232e-07,17.46004190619294,-10.39323086543211
Gen_8_Cross_580561,Gen_8_Cross_580561__4,5.846809441194843e-06,2.355731803637041e-08,248.19503782934407,-12.001260289360365
Gen_8_Mutant_10_803559,Gen_8_Mutant_10_803559__1,6.226015905983132e-05,2.2513308767194835e-06,27.654823954865947,-9.346228679944351
Gen_8_Cross_490920,Gen_8_Cross_490920__2,0.01196688393323605,2.394796092397286e-05,499.7036687685892,-4.416773331261447
Gen_8_Cross_51872,Gen_8_Cross_51872__4,1.7929574212435542e-05,5.830150654334497e-07,30.75319194214232,-10.584871289008658
Gen_8_Cross_509303,Gen_8_Cross_509303__4,1.1155782080301109e-05,1.7875786982849592e-07,62.407222076455724,-11.223706348449312
Gen_8_Cross_501033,Gen_8_Cross_501033__4,9.239306257297222e-05,5.480883414541699e-08,1685.7330394556102,-9.283951295050063
Gen_8_Cross_451258,Gen_8_Cross_451258__4,3.1293084890831208e+31,6.596874219596592e-05,4.7436230931722726e+35,72.52094993295346
Gen_8_Cross_236774,Gen_8_Cross_236774__2,5.427083265903193e-06,1.680490097169955e-08,322.9464591932272,-12.086682446791851
Gen_8_Cross_55903,Gen_8_Cross_55903__2,9.274802288784938e-06,4.92419035910961e-07,18.835182258189555,-11.003984270733794
Gen_8_Cross_530230,Gen_8_Cross_530230__5,0.0006847274378548897,1.3564522063286917e-06,504.79289624817676,-7.272083626207395
Gen_8_Cross_258281,Gen_8_Cross_258281__5,0.001012971720305987,2.835394447994561e-05,35.72595414449123,-6.707128704265858
Gen_8_Cross_447431,Gen_8_Cross_447431__1,0.00015294830987288216,2.505849929223415e-07,610.3650026651125,-8.77104038149712
Gen_8_Cross_142088,Gen_8_Cross_142088__3,3.6431080344931816e-05,1.3564522063286917e-06,26.85762179821612,-9.85321963517352
Gen_8_Mutant_17_417989,Gen_8_Mutant_17_417989__2,2.9501745347662762,0.0001296337184983118,22757.771426611478,1.081816796780872
Gen_8_Mutant_11_965774,Gen_8_Mutant_11_965774__3,1.8594143523098217e-06,1.4193549404956241e-08,131.0041836089663,-13.095288144872658
Gen_8_Mutant_17_417989,Gen_8_Mutant_17_417989__4,0.0008858076614605056,4.629196545585792e-08,19135.235515225093,-7.028643403130371
Gen_8_Mutant_18_241701,Gen_8_Mutant_18_241701__3,52108116846967.13,2.1164602416720824e-07,2.4620409030599026e+20,31.58434184616112
Gen_8_Cross_202935,Gen_8_Cross_202935__5,1.7317716390887578e-06,1.9896693111168913e-08,87.03816405132349,-13.115676801102177
Gen_8_Cross_76543,Gen_8_Cross_76543__4,0.00022195398602384492,2.2513308767194835e-06,98.58790119170051,-8.328561928005394
Gen_8_Cross_895522,Gen_8_Cross_895522__4,7.1769132677113e-06,9.096731904955463e-08,78.89551261592817,-11.696389529333196
Gen_8_Cross_377194,Gen_8_Cross_377194__4,3.920162980084539e-06,2.966880144570127e-07,13.213081719054525,-11.573467545180213
Gen_8_Cross_124503,Gen_8_Cross_124503__3,865305403.0723349,3.357054782760477e-05,25775730783898.668,20.57859306971747
Gen_8_Cross_809173,Gen_8_Cross_809173__1,5.322243945097533e-05,2.966880144570127e-07,179.38857270112865,-9.786475834025586
Gen_8_Cross_553831,Gen_8_Cross_553831__3,7.117160435753563e-05,1.0770362963297668e-07,660.8097108711025,-9.535985875006022
Gen_8_Cross_447431,Gen_8_Cross_447431__5,1.8524247998110782e-06,5.480883414541699e-08,33.79792379630418,-12.819710402417948
Gen_8_Cross_928393,Gen_8_Cross_928393__5,1.6915336415162654e-05,4.92419035910961e-07,34.351507926312735,-10.676488701811822
Gen_8_Cross_377194,Gen_8_Cross_377194__2,0.001057887869310629,7.683170161732237e-08,13768.89808558033,-6.850983365327959
Gen_8_Cross_114228,Gen_8_Cross_114228__1,7.6072385373486795e-06,3.9098552253104834e-08,194.56573450861177,-11.72614204544793
Gen_8_Mutant_7_728088,Gen_8_Mutant_7_728088__2,1.118728965221992e-05,1.1456700303328867e-06,9.764844463086229,-10.341661491515643
Gen_8_Cross_259670,Gen_8_Cross_259670__2,1.6105217668759992e-05,4.92419035910961e-07,32.70632630797021,-10.708940082979286
Gen_8_Cross_394904,Gen_8_Cross_394904__3,6.754598333708704e-06,1.2751911298823975e-07,52.969301428027,-11.684693365919248
Gen_8_Cross_918757,Gen_8_Cross_918757__2,7.57877086207667e-06,1.509802801699513e-07,50.197090994569685,-11.5598698893445
Gen_8_Cross_129083,Gen_8_Cross_129083__4,1.748286519394433e-06,6.489264974597642e-08,26.9412102331795,-12.78241839796243
Gen_8_Cross_259670,Gen_8_Cross_259670__4,0.00012876312717730927,2.6655342760556763e-06,48.306685955600045,-8.775866259103095
Gen_8_Cross_231859,Gen_8_Cross_231859__4,7.065549707133811e-06,1.2751911298823975e-07,55.40777018881413,-11.650020057256018
Gen_8_Cross_881062,Gen_8_Cross_881062__3,1.0436930133321246e-05,4.1590092830141227e-07,25.094750752172835,-11.030601928704936
Gen_8_Mutant_7_354160,Gen_8_Mutant_7_354160__1,7.880675811291695e-06,1.1456700303328867e-06,6.878661047807875,-10.259587509806162
Gen_8_Mutant_7_354160,Gen_8_Mutant_7_354160__5,7.309998038961274e-05,1.6060144189329578e-06,45.51639109079771,-9.31894425352055
Gen_8_Mutant_13_194358,Gen_8_Mutant_13_194358__4,1.5229940386896951e+31,2.835394447994561e-05,5.371365665778494e+35,71.80081604253148
Gen_8_Cross_572109,Gen_8_Cross_572109__1,38423633769277.32,1.3564522063286917e-06,2.832656660515366e+19,31.27969384894431
Gen_8_Cross_530230,Gen_8_Cross_530230__4,0.003165597227423301,6.489264974597642e-08,48782.0614478696,-5.755295563985929
Gen_8_Cross_71687,Gen_8_Cross_71687__1,4.568454576921461e-06,7.683170161732237e-08,59.460541426970856,-12.092957716441688
Gen_8_Cross_815917,Gen_8_Cross_815917__2,4.446136366415835e-06,2.1164602416720824e-07,21.00741737961126,-11.76350590903245
Gen_8_Cross_743763,Gen_8_Cross_743763__3,7599456.918304218,2.835394447994561e-05,268021153941.35794,15.843587344526329
Gen_8_Cross_692916,Gen_8_Cross_692916__4,2.3991275158316347e-05,2.505849929223415e-07,95.7410692417301,-10.527858547170295
Gen_8_Cross_593339,Gen_8_Cross_593339__1,1340836.9211373313,9.247579875578024e-05,14499327815.252007,14.108804544005533
Gen_8_Cross_329459,Gen_8_Cross_329459__4,1.7031142207863747e-05,8.172777298444324e-07,20.83886735920921,-10.477672284531891
Gen_8_Cross_936232,Gen_8_Cross_936232__5,25515132.339022126,0.0008308303648203941,30710399402.094425,17.05478225862598
Gen_8_Cross_820388,Gen_8_Cross_820388__2,1.4130610966914243e-05,4.1590092830141227e-07,33.975906292455996,-10.84788541454717
Gen_8_Cross_329459,Gen_8_Cross_329459__2,0.00015888807433297593,2.505849929223415e-07,634.0685947710234,-8.733536734339792
Gen_8_Cross_950985,Gen_8_Cross_950985__4,4.752046553514892e-06,3.9098552253104834e-08,121.54021772347159,-12.156911404228186
Gen_8_Cross_411165,Gen_8_Cross_411165__4,3.258795086406299e-05,7.342668715297711e-06,4.4381616722227,-8.431740654966422
Gen_8_Cross_51872,Gen_8_Cross_51872__1,7.4584000831558685e-06,9.676417733548232e-07,7.707811184398875,-10.450355940624474
Gen_8_Mutant_24_254904,Gen_8_Mutant_24_254904__3,28251774291.644485,2.1164602416720824e-07,1.3348596744404011e+17,24.064422099350473
Gen_8_Cross_70554,Gen_8_Cross_70554__4,1.1713770496918523e-05,1.7875786982849592e-07,65.52869816672666,-11.184071045694566
Gen_8_Mutant_31_787290,Gen_8_Mutant_31_787290__3,2.8272416164881773e+45,0.00021515567725685956,1.3140446269112055e+49,104.65563072724386
Gen_8_Cross_895522,Gen_8_Cross_895522__2,5.8652044516554785e-06,7.683170161732237e-08,76.33833857889094,-11.890709937753575
Gen_8_Cross_675538,Gen_8_Cross_675538__1,3.101190636250291e+20,7.810577525052863e-05,3.97050106256938e+24,47.1834879738434
Gen_8_Cross_124503,Gen_8_Cross_124503__2,29740.764570805284,8.693584466298958e-06,3421001393.164879,10.300273925173308
Gen_8_Cross_655915,Gen_8_Cross_655915__2,9.410920703333871e+20,6.596874219596592e-05,1.4265727055061787e+25,48.29357265176668
Gen_8_Cross_258281,Gen_8_Cross_258281__2,0.0017648351900677946,4.7059609167699205e-05,37.50212169800898,-6.175039564123231
Gen_8_Cross_936232,Gen_8_Cross_936232__3,0.04030447126335899,9.247579875578024e-05,435.838044176285,-3.2039416460350703
Gen_8_Cross_644806,Gen_8_Cross_644806__3,3.3104967729223965e-06,4.629196545585792e-08,71.51342010049558,-12.44439744220281
Gen_8_Cross_508664,Gen_8_Cross_508664__1,3.261495700376968e-06,2.505849929223415e-07,13.015526837186671,-11.731944015904393
Gen_8_Mutant_17_255764,Gen_8_Mutant_17_255764__3,0.001210654564454155,1.3564522063286917e-06,892.5154596717083,-6.70907706031367
Gen_8_Mutant_6_643298,Gen_8_Mutant_6_643298__1,32079.87500218798,1.7083570853870422e-05,1877820233.0527415,10.375984160006787
Gen_8_Cross_329459,Gen_8_Cross_329459__1,1.6832424259641241e-06,3.9098552253104834e-08,43.05127246317559,-12.992986008125873
Gen_8_Cross_411165,Gen_8_Cross_411165__5,7.82259693869766e-06,7.683170161732237e-08,101.81470374897941,-11.64412809018109
Gen_8_Cross_168556,Gen_8_Cross_168556__3,6.368739489400245e-06,9.096731904955463e-08,70.01129148294302,-11.795627207483301
Gen_8_Cross_142088,Gen_8_Cross_142088__2,4.4084490539557725e-05,1.1456700303328867e-06,38.47922121760356,-9.775359963258305
Gen_8_Cross_643513,Gen_8_Cross_643513__2,7927984.642971309,7.342668715297711e-06,1079714331446.5695,15.885909417913226
Gen_8_Mutant_18_751775,Gen_8_Mutant_18_751775__3,1.1814698245485911e-05,2.835394447994561e-05,0.41668623051167714,-3.3372183039877013
Gen_8_Cross_477868,Gen_8_Cross_477868__2,15437.19468734574,0.00018172214998736795,84949438.95622425,9.644535002304181
Gen_8_Mutant_23_594956,Gen_8_Mutant_23_594956__3,10.521293270564572,2.966880144570127e-07,35462481.657104515,2.3534010678549304
Gen_8_Cross_887108,Gen_8_Cross_887108__5,7.199371414311e-06,2.966880144570127e-07,24.265797954416932,-11.372839109028211
Gen_8_Cross_129083,Gen_8_Cross_129083__1,4.4031699105931585e-06,2.355731803637041e-08,186.91303924305197,-12.267553431104888
Gen_8_Cross_477868,Gen_8_Cross_477868__3,8.971010855102937e+33,0.0008308303648203941,1.0797644422928932e+37,78.17930643140143
Gen_8_Cross_308889,Gen_8_Cross_308889__1,6.168348740205864e-05,3.7365789172835235e-06,16.508011410314936,-9.139833793572123
Gen_8_Cross_643513,Gen_8_Cross_643513__5,426407429.5224206,1.02930438241364e-05,41426757410915.49,19.870905854496705
Gen_8_Cross_846594,Gen_8_Cross_846594__1,9.58452554855018e-07,1.1987981663813327e-08,79.95111952399652,-13.68675671854076
Gen_8_Cross_887620,Gen_8_Cross_887620__4,2.0086402112480913e-06,5.480883414541699e-08,36.648110520264545,-12.769614038952888
Gen_8_Cross_446984,Gen_8_Cross_446984__1,8.257951157585626e-05,5.480883414541699e-08,1506.6825059033188,-9.395513057643642
Gen_8_Cross_793131,Gen_8_Cross_793131__5,5.484392652870361e-06,1.7875786982849592e-07,30.68056616546283,-11.73123716261334
Gen_8_Mutant_23_594956,Gen_8_Mutant_23_594956__4,7.893196319332914e-06,6.902790951075892e-07,11.434789747040874,-10.804619321707436
Gen_8_Mutant_18_600747,Gen_8_Mutant_18_600747__4,381592087313.84546,2.2513308767194835e-06,1.6949622610332634e+17,26.66761804075484
Gen_8_Cross_881062,Gen_8_Cross_881062__5,8.317864489137453e-06,7.683170161732237e-08,108.26083913338864,-11.590048306854884
Gen_8_Cross_55903,Gen_8_Cross_55903__5,0.00022353014610206293,4.7059609167699205e-05,4.7499363053675685,-6.944041247158383
Gen_8_Cross_231859,Gen_8_Cross_231859__2,2.0075871907008934e-05,6.489264974597642e-08,309.37050629919315,-10.781143220712805
Gen_8_Mutant_7_728088,Gen_8_Mutant_7_728088__5,1.4312906068279386e-05,9.676417733548232e-07,14.791533873797537,-10.447998971725669
Gen_8_Mutant_13_194358,Gen_8_Mutant_13_194358__2,5.899198353689122e+30,1.4428916143916895e-05,4.0884556364797866e+35,70.85236925924549
Gen_8_Mutant_23_669159,Gen_8_Mutant_23_669159__5,34300319.60543608,7.683170161732237e-08,446434464985255.2,17.35066523003546
Gen_8_Cross_169095,Gen_8_Cross_169095__5,0.005588064274319852,1.4428916143916895e-05,387.2823307435833,-5.173763184324188
Gen_8_Mutant_13_194358,Gen_8_Mutant_13_194358__5,1.5230608982453456e+39,1.2186774232918459e-05,1.2497654171120282e+44,90.22154068559732
Gen_8_Cross_461681,Gen_8_Cross_461681__3,1.5010556501718257e-06,6.902790951075892e-07,2.174563391547974,-9.185346288775474
Gen_8_Mutant_31_787290,Gen_8_Mutant_31_787290__2,2.9924860543754224e+36,7.810577525052863e-05,3.8313249497580125e+40,83.98916784603277
Gen_8_Cross_823851,Gen_8_Cross_823851__1,4.3338910257349765e-05,1.509802801699513e-07,287.0501379952748,-10.011582237392274
Gen_8_Cross_737875,Gen_8_Cross_737875__1,5.544268482967771e-05,3.5127314248113844e-07,157.83354354412307,-9.73845995094774
Gen_8_Mutant_24_324646,Gen_8_Mutant_24_324646__5,0.0005596190972526758,4.42404058959089e-06,126.49501873228205,-7.429520489083929
Gen_8_Cross_633008,Gen_8_Cross_633008__1,9.085662020712918e-06,5.480883414541699e-08,165.77002890824386,-11.539203281285179
Gen_8_Mutant_6_643298,Gen_8_Mutant_6_643298__5,18412696.61165177,2.835394447994561e-05,649387482037.1057,16.728551017831922
Gen_8_Cross_259670,Gen_8_Cross_259670__1,1.4854192226618402e-05,4.92419035910961e-07,30.1657554711275,-10.760515482397098
Gen_8_Cross_509303,Gen_8_Cross_509303__1,1.4698228029992206e-05,4.1590092830141227e-07,35.34069541518332,-10.821576385431609
Gen_8_Mutant_17_255764,Gen_8_Mutant_17_255764__4,0.0035569547235610936,1.1456700303328867e-06,3104.693872918699,-5.637034865750231
Gen_8_Cross_887620,Gen_8_Cross_887620__1,5.293473839920423e-06,6.489264974597642e-08,81.57277997803808,-12.001904602998467
Gen_8_Mutant_11_965774,Gen_8_Mutant_11_965774__2,1.9769714310796856e-06,1.4193549404956241e-08,139.2866135647048,-13.040322242624402
Gen_8_Cross_530230,Gen_8_Cross_530230__3,3.6575366715901806e-06,2.505849929223415e-07,14.59599247718591,-11.716032378375283
Gen_8_Cross_918757,Gen_8_Cross_918757__3,8.087778441741513e-06,1.0770362963297668e-07,75.09290512587515,-11.571066460623632
Gen_8_Cross_114228,Gen_8_Cross_114228__2,7.0594667467958385e-06,1.2751911298823975e-07,55.360067846824556,-11.650688117535251
Gen_8_Cross_980011,Gen_8_Cross_980011__5,5.669735843388955e-06,2.1164602416720824e-07,26.78876612824842,-11.645646748018295
Gen_8_Cross_793131,Gen_8_Cross_793131__2,4.086664477046019e-06,1.0770362963297668e-07,37.943609616242355,-12.08917253060629
Gen_8_Cross_675538,Gen_8_Cross_675538__3,0.001112246587546235,5.571771015598962e-05,19.962173327517288,-6.476913995664695
Gen_8_Cross_994185,Gen_8_Cross_994185__1,5.511412009532771e-06,2.505849929223415e-07,21.99418227427852,-11.582091734681763
Gen_8_Mutant_21_351398,Gen_8_Mutant_21_351398__1,0.0009136577878732504,8.693584466298958e-06,105.09563591578167,-6.932094597047599
Gen_8_Mutant_24_324646,Gen_8_Mutant_24_324646__2,0.0005966499358183586,1.9014914803386492e-06,313.7799679818167,-7.400594688687239
Gen_8_Mutant_31_397361,Gen_8_Mutant_31_397361__4,1.3866065968232374e+16,7.683170161732237e-08,1.8047323795189964e+23,37.168220952972845
Gen_8_Cross_477868,Gen_8_Cross_477868__5,2.5066433987405544e+38,0.00018172214998736795,1.3793824247153133e+42,88.41717810060696
Gen_8_Cross_131060,Gen_8_Cross_131060__3,1.40243982100671e+30,2.394796092397286e-05,5.856197216368481e+34,69.41576623894238
Gen_8_Cross_705003,Gen_8_Cross_705003__2,3886812512819.117,6.902790951075892e-07,5.630784041364175e+18,28.988610532217802
Gen_8_Cross_202935,Gen_8_Cross_202935__1,1.4653367353146278e-05,4.1590092830141227e-07,35.232831561574855,-10.823637234242202
Gen_8_Mutant_11_797238,Gen_8_Mutant_11_797238__4,1.9945105322453844e-06,1.680490097169955e-08,118.68624132949421,-13.015449222502507
Gen_8_Mutant_36_603392,Gen_8_Mutant_36_603392__1,15402520.365565076,9.676417733548232e-07,15917585194947.084,16.55004171409359
Gen_8_Cross_332074,Gen_8_Cross_332074__4,63108372595.827095,4.7059609167699205e-05,1341030529406594.5,24.86811928542234
Gen_8_Cross_236774,Gen_8_Cross_236774__3,4.565446584261045e-06,7.683170161732237e-08,59.421391016435926,-12.09347367927536
Gen_8_Cross_896410,Gen_8_Cross_896410__5,6.382845075852285e-06,9.096731904955463e-08,70.16635361513971,-11.793813027444958
Gen_8_Cross_593339,Gen_8_Cross_593339__2,0.20119248840211185,7.810577525052863e-05,2575.8977201977154,-1.6028709182330418
Gen_8_Cross_292641,Gen_8_Cross_292641__2,311038539689808.3,7.810577525052863e-05,3.9822732530614395e+18,33.37093794226229
Gen_8_Cross_446984,Gen_8_Cross_446984__2,1.376854947015012e-06,3.3022939796031453e-08,41.69389386648357,-13.179604729138212
Gen_8_Cross_413040,Gen_8_Cross_413040__3,1150127817350327.8,8.172777298444324e-07,1.407266802154578e+21,34.67864947663166
Gen_8_Cross_23528,Gen_8_Cross_23528__1,6.18692464909977e-06,7.683170161732237e-08,80.52567519479322,-11.845964501428643
Gen_8_Cross_633008,Gen_8_Cross_633008__5,4.9934387343436676e-05,4.1590092830141227e-07,120.06317838090557,-9.822985529248143
Gen_8_Cross_377194,Gen_8_Cross_377194__5,4.2847705515536254e-06,4.1590092830141227e-07,10.302382755078538,-11.266829594949003
Gen_8_Mutant_31_397361,Gen_8_Mutant_31_397361__2,1.89865956092935e+19,3.1559434689496957e-06,6.016139324451295e+24,44.39026490983338
Gen_8_Cross_718617,Gen_8_Cross_718617__4,49881623.45174886,1.1456700303328867e-06,43539258365041.83,17.725163225394187
Gen_8_Mutant_24_254904,Gen_8_Mutant_24_254904__5,1.8858910397193152e+30,1.7875786982849592e-07,1.0549974899167679e+37,69.71195319915019
Gen_8_Cross_705003,Gen_8_Cross_705003__1,3.5945673498563746,3.7365789172835235e-06,961994.2277225096,1.2794223062167442
Gen_8_Cross_980011,Gen_8_Cross_980011__2,5.933049151452917e-06,2.1164602416720824e-07,28.032887340069223,-11.620443336932293
Gen_8_Cross_258281,Gen_8_Cross_258281__4,0.006523410363783365,6.596874219596592e-05,98.88638386351226,-4.981977157342385
Gen_8_Cross_413040,Gen_8_Cross_413040__5,1.1186703649518458e+17,1.2751911298823975e-07,8.772570156247977e+23,39.256087386806186
Gen_8_Cross_332074,Gen_8_Cross_332074__5,123218.10277565548,1.4428916143916895e-05,8539664486.691411,11.721711256028676
Gen_8_Cross_394904,Gen_8_Cross_394904__2,5.902367634226132e-06,5.480883414541699e-08,107.69007818276457,-11.929381868643599
Gen_8_Mutant_18_293558,Gen_8_Mutant_18_293558__1,24392573951.21214,0.00010948964181059926,222784306787738.44,23.91754457666094
Gen_8_Mutant_14_354964,Gen_8_Mutant_14_354964__3,1.6447429910888597e-05,9.676417733548232e-07,16.997436824027552,-10.403290767008409
Gen_8_Cross_259670,Gen_8_Cross_259670__3,1.472953806475514e-05,3.5127314248113844e-07,41.931865216669785,-10.866508883507167
Gen_8_Cross_482185,Gen_8_Cross_482185__2,3.162254845082865e+28,0.0008308303648203941,3.806137785739776e+31,65.62366793554075
Gen_8_Cross_918757,Gen_8_Cross_918757__4,9.680659353100038e-06,2.1164602416720824e-07,45.739859235210375,-11.298366951476478
Gen_8_Cross_490920,Gen_8_Cross_490920__4,0.004933829821997041,2.0226633117017023e-05,243.92738986530208,-5.2899531628866105
Gen_8_Mutant_24_622399,Gen_8_Mutant_24_622399__3,39.53248640593278,8.172777298444324e-07,48370933.11408073,3.677122698525343
Gen_8_Cross_55903,Gen_8_Cross_55903__1,9.603798886813223e-06,1.1456700303328867e-06,8.382691903027904,-10.322004575931814
Gen_8_Mutant_23_821547,Gen_8_Mutant_23_821547__4,1.6934429490181521e+19,1.2751911298823975e-07,1.3279914746382586e+26,44.27588047138615
Gen_8_Mutant_11_818048,Gen_8_Mutant_11_818048__3,1.7585901875956547e-05,5.830150654334497e-07,30.16371774695409,-10.597093786834547
Gen_8_Cross_373476,Gen_8_Cross_373476__2,6.2848643216928495e-06,1.2751911298823975e-07,49.28566529687563,-11.739179810026654
Gen_8_Mutant_31_787290,Gen_8_Mutant_31_787290__5,34530.56849333864,2.835394447994561e-05,1217840026.376636,10.449600245419555
Gen_8_Cross_928393,Gen_8_Cross_928393__3,7.984593780213061,5.830150654334497e-07,13695347.262213226,2.0775137558180705
Gen_8_Cross_936232,Gen_8_Cross_936232__1,0.0011440236922335915,2.835394447994561e-05,40.347955574320366,-6.609393795389162
Gen_8_Cross_508664,Gen_8_Cross_508664__3,0.0002846571222497626,1.2186774232918459e-05,23.3578727897377,-7.829047095757085
Gen_8_Cross_732161,Gen_8_Cross_732161__5,0.00020984812493651098,1.7083570853870422e-05,12.28362189213903,-7.831564957973836
Gen_8_Mutant_31_397361,Gen_8_Mutant_31_397361__5,1772079.213507242,2.505849929223415e-07,7071769114507.288,14.387664112028174
Gen_8_Mutant_18_600747,Gen_8_Mutant_18_600747__3,720510627588.6782,4.42404058959089e-06,1.628625716689699e+17,27.303226002573773
Gen_8_Mutant_24_622399,Gen_8_Mutant_24_622399__1,142.4000798341256,1.6060144189329578e-06,88666750.53187676,4.9586405036861585
Gen_8_Mutant_18_629617,Gen_8_Mutant_18_629617__2,1.1371968758050406e+25,0.00015348393413113442,7.4092241786911475e+28,57.6931936783725
Gen_8_Cross_76543,Gen_8_Cross_76543__3,1.4332268907651988e-06,1.1987981663813327e-08,119.55531222503517,-13.343968740347345
Gen_8_Cross_950985,Gen_8_Cross_950985__3,3.117853563743058e-06,3.9098552253104834e-08,79.74345299436165,-12.521345396994795
Gen_8_Mutant_17_255764,Gen_8_Mutant_17_255764__1,0.0005708831568780023,5.480883414541699e-08,10415.896739626936,-7.467609054722126
Gen_8_Cross_643513,Gen_8_Cross_643513__3,7350410.601435058,7.342668715297711e-06,1001054369526.6024,15.810266733753707
Gen_8_Cross_394904,Gen_8_Cross_394904__4,5.863025683454074e-06,5.480883414541699e-08,106.97227508796277,-11.935271258235966
Gen_8_Cross_308889,Gen_8_Cross_308889__5,0.00011778230635392792,4.42404058959089e-06,26.623242705108126,-8.719170308109463
Gen_8_Mutant_35_706911,Gen_8_Mutant_35_706911__5,0.0002169545266564187,5.830150654334497e-07,372.1250779259386,-8.413214215416648
Gen_8_Cross_292641,Gen_8_Cross_292641__4,8.477373132878353e+19,0.000592683003367853,1.4303384920280581e+23,45.88651739663517
Gen_8_Cross_292641,Gen_8_Cross_292641__1,6.875623695693079e+23,0.000592683003367853,1.1600845066626069e+27,54.88743949767447
Gen_8_Cross_474343,Gen_8_Cross_474343__1,8.147963758533274e-06,5.830150654334497e-07,13.97556296847247,-10.935284944330373
Gen_8_Cross_446984,Gen_8_Cross_446984__4,12.309996247482093,1.1456700303328867e-06,10744800.790420687,2.510411401721751
Gen_8_Mutant_35_706911,Gen_8_Mutant_35_706911__3,0.0001788510269534888,6.902790951075892e-07,259.0995848217198,-8.595781759659015
Gen_8_Mutant_27_586329,Gen_8_Mutant_27_586329__1,2884708884018366.5,1.2186774232918459e-05,2.3670815827754474e+20,35.59820038302659
Gen_8_Cross_553831,Gen_8_Cross_553831__1,45936797221017.19,9.676417733548232e-07,4.747293728520408e+19,31.458287594194477
Gen_8_Cross_809173,Gen_8_Cross_809173__2,3.172131625508034e-05,1.9014914803386492e-06,16.682334148260754,-9.772709771529446
Gen_8_Cross_975485,Gen_8_Cross_975485__3,5.495425760278194e-06,6.489264974597642e-08,84.68487235133945,-11.970244050738327
Gen_8_Cross_580561,Gen_8_Cross_580561__2,2.8697937201576783e-06,2.966880144570127e-07,9.672765937005805,-11.565585005586106
Gen_8_Cross_474438,Gen_8_Cross_474438__4,8.440124324430945e-06,2.1164602416720824e-07,39.878492202447106,-11.396727207267416
Gen_8_Cross_975485,Gen_8_Cross_975485__1,1.0927369628511897e-06,9.096731904955463e-08,12.012412526480187,-12.671922646934165
Gen_8_Cross_354757,Gen_8_Cross_354757__4,8.60550136735835e-06,2.1164602416720824e-07,40.65987727017109,-11.383148634310345
Gen_8_Mutant_24_283392,Gen_8_Mutant_24_283392__1,0.00017877251146987893,8.693584466298958e-06,20.56372859352756,-8.229215354496125
Gen_8_Mutant_8_460912,Gen_8_Mutant_8_460912__5,175.267951270152,3.1559434689496957e-06,55535833.577044874,5.166315859996803
Gen_8_Cross_926710,Gen_8_Cross_926710__5,0.000873256414604736,1.3564522063286917e-06,643.7797148550112,-7.032357781932715
Gen_8_Mutant_14_354964,Gen_8_Mutant_14_354964__5,0.002639367258134563,1.7875786982849592e-07,14765.040893958,-5.936813979652178
Gen_8_Cross_644806,Gen_8_Cross_644806__2,1.5107707589320243e-06,6.489264974597642e-08,23.28107674514705,-12.850901463863297
Gen_8_Mutant_23_821547,Gen_8_Mutant_23_821547__2,0.05003640484328506,4.1590092830141227e-07,120308.4711727852,-2.994979547452109
Gen_8_Cross_129083,Gen_8_Cross_129083__3,3.3067530115586256e-06,1.680490097169955e-08,196.77313285733692,-12.555735632537477
Gen_8_Mutant_23_594956,Gen_8_Mutant_23_594956__2,1.999839693278436e-06,6.489264974597642e-08,30.817661185155,-12.710017131621502
Gen_8_Mutant_13_194358,Gen_8_Mutant_13_194358__3,6.199538188044153e+42,0.00015348393413113442,4.0392098515974703e+46,98.53304870922743
Gen_8_Cross_718617,Gen_8_Cross_718617__5,0.00037816463779678317,4.42404058959089e-06,85.47946840418876,-7.789058921462487
Gen_8_Mutant_23_669159,Gen_8_Mutant_23_669159__2,7527.816218550096,4.629196545585792e-08,162616042425.94336,8.926360267861059
Gen_8_Cross_970984,Gen_8_Cross_970984__2,4.858925224987103e-06,7.683170161732237e-08,63.24115075816069,-12.044243818866713
Gen_8_Mutant_18_751775,Gen_8_Mutant_18_751775__5,16473.157347213742,0.00010948964181059926,150454025.3744719,9.709487443191815
Gen_8_Cross_114228,Gen_8_Cross_114228__4,7.486542050885513e-06,3.9098552253104834e-08,191.47875354620075,-11.741085587519985
Gen_8_Cross_743763,Gen_8_Cross_743763__1,5950147.575479214,2.835394447994561e-05,209852550839.53766,15.598926579741448
Gen_8_Cross_51872,Gen_8_Cross_51872__3,1.5801063631630592e-06,1.7875786982849592e-07,8.839366706926228,-12.000408825681669
Gen_8_Cross_411165,Gen_8_Cross_411165__2,6.315400634595463e-06,9.096731904955463e-08,69.42493964404004,-11.802515391922725
Gen_8_Mutant_19_890234,Gen_8_Mutant_19_890234__3,7.76673604317914e+21,2.394796092397286e-05,3.243172171457959e+26,50.40413695733678
Gen_8_Cross_508664,Gen_8_Cross_508664__4,2.1853965356438497e-05,4.42404058959089e-06,4.939820264727595,-8.924486271485778
Gen_8_Mutant_27_953149,Gen_8_Mutant_27_953149__2,2060.1582823672593,2.1164602416720824e-07,9733980548.293491,7.630538094148589
Gen_8_Cross_465751,Gen_8_Cross_465751__3,1.0497031593409237e-05,4.1590092830141227e-07,25.239259831134145,-11.027499546173207
Gen_8_Cross_633008,Gen_8_Cross_633008__2,0.008628035487279065,2.2513308767194835e-06,3832.41556205695,-4.75149861921271
Gen_8_Cross_178236,Gen_8_Cross_178236__3,6.716151271736769e-06,2.505849929223415e-07,26.801889424472293,-11.482571344552568
Gen_8_Mutant_24_439956,Gen_8_Mutant_24_439956__1,0.00011816484159739106,8.693584466298958e-06,13.592188821016462,-8.42368536472886
Gen_8_Cross_737875,Gen_8_Cross_737875__2,0.0011383959610737967,6.902790951075892e-07,1649.182148412538,-6.774027551890227
Gen_8_Cross_643513,Gen_8_Cross_643513__1,1626826.5509982225,6.201674817978091e-06,262320518044.93207,14.302141773824685
Gen_8_Cross_883814,Gen_8_Cross_883814__3,96355.59663107226,7.342668715297711e-06,13122694263.779745,11.475800757747818
Gen_8_Mutant_31_787290,Gen_8_Mutant_31_787290__1,0.003163833487879702,6.489264974597642e-08,48754.882105517216,-5.755852800601471
Gen_8_Mutant_35_706911,Gen_8_Mutant_35_706911__2,0.00020351682568386969,5.830150654334497e-07,349.0764437323118,-8.475482144029902
Gen_8_Cross_169095,Gen_8_Cross_169095__2,0.00015607166805437528,3.7365789172835235e-06,41.76859943529272,-8.560250604880832
Gen_8_Mutant_11_818048,Gen_8_Mutant_11_818048__4,9.519828395086887e-06,8.172777298444324e-07,11.648217059455384,-10.648002226972281
Gen_8_Cross_436921,Gen_8_Cross_436921__1,0.000597860330082827,6.902790951075892e-07,866.113915835221,-7.413593787124291
Gen_8_Mutant_24_324646,Gen_8_Mutant_24_324646__1,0.0002168959106949896,1.02930438241364e-05,21.07208658593149,-8.053886582882638
Gen_8_Mutant_12_338970,Gen_8_Mutant_12_338970__4,118477364.60503623,4.1590092830141227e-07,284869199712805.56,18.59023248430226
Gen_8_Cross_258281,Gen_8_Cross_258281__1,0.00046813838813810347,3.1559434689496957e-06,148.33547962565402,-7.6154075214654275
Gen_8_Cross_508664,Gen_8_Cross_508664__5,0.0898780615768054,8.693584466298958e-06,10338.435420420823,-2.4090683780933033
Gen_8_Mutant_31_787290,Gen_8_Mutant_31_787290__4,1.0473621115134421e+39,7.810577525052863e-05,1.3409534802695058e+43,89.8470933551305
Gen_8_Cross_868278,Gen_8_Cross_868278__1,2.6611690155274266e-05,4.92419035910961e-07,54.042772952600025,-10.342778613489338
Gen_8_Cross_846594,Gen_8_Cross_846594__2,1.2835733740351284e-06,7.2228939537321e-09,177.70901556320104,-13.48995232810654
Gen_8_Cross_970984,Gen_8_Cross_970984__3,3.3263006164143384e-06,5.830150654334497e-07,5.705342475054842,-10.7325154864082
Gen_8_Cross_655915,Gen_8_Cross_655915__5,2.5452812681589107e+23,6.596874219596592e-05,3.858314079413444e+27,53.89369830069951
Gen_8_Cross_661346,Gen_8_Cross_661346__4,6.951563122947315e-05,5.830150654334497e-07,119.23470824513069,-9.494331672994651
Gen_8_Cross_918757,Gen_8_Cross_918757__5,8.769230257219418e-06,1.0770362963297668e-07,81.4200068010935,-11.502981974768696
Gen_8_Cross_896410,Gen_8_Cross_896410__2,5.223318646385462e-06,6.489264974597642e-08,80.49168383217896,-12.013130746064848
Gen_8_Mutant_36_603392,Gen_8_Mutant_36_603392__2,13010186.445840491,3.5127314248113844e-07,37037236476281.62,16.381243181349472
Gen_8_Cross_887108,Gen_8_Cross_887108__1,5.548108775823011e-05,9.676417733548232e-07,57.33639171640622,-9.63148627749111
Gen_8_Cross_887108,Gen_8_Cross_887108__4,7.067936612317026e-06,2.966880144570127e-07,23.822791174266,-11.38215758855724
Gen_8_Mutant_23_669159,Gen_8_Mutant_23_669159__4,139323195207.579,3.9098552253104834e-08,3.5633850150171556e+18,25.660062216487706
Gen_8_Cross_633008,Gen_8_Cross_633008__3,4.968375525458828e-06,1.2751911298823975e-07,38.96181057907005,-11.906815417360244
Gen_8_Cross_737875,Gen_8_Cross_737875__4,0.00033859768482565094,6.902790951075892e-07,490.52287288647494,-7.974440904251798
Gen_8_Cross_465751,Gen_8_Cross_465751__1,0.00012724128064374134,3.1559434689496957e-06,40.31798474707391,-8.752342587449341
Gen_8_Mutant_18_751775,Gen_8_Mutant_18_751775__4,3.5704901640975225e+39,0.0003016078895678205,1.1838185563427214e+43,91.07352151400208
Gen_8_Cross_732161,Gen_8_Cross_732161__1,0.00016706369568296358,1.7083570853870422e-05,9.779202317360596,-7.8902913427523185
Gen_8_Mutant_16_157959,Gen_8_Mutant_16_157959__1,5.18943597111244e+21,0.00025474035751324605,2.0371471649687852e+25,50.00091196806085
Gen_8_Cross_868278,Gen_8_Cross_868278__5,2.823400755189661e-05,2.966880144570127e-07,95.1639640838523,-10.366055000178298
Gen_8_Mutant_18_241701,Gen_8_Mutant_18_241701__5,1412492018828.932,2.1164602416720824e-07,6.673841497315398e+18,27.976376649564447
Gen_8_Cross_461681,Gen_8_Cross_461681__1,0.00028290782775178356,2.6655342760556763e-06,106.13550547562883,-8.094127209758277
Gen_8_Cross_354757,Gen_8_Cross_354757__2,2.82259265733059e-06,6.489264974597642e-08,43.496338466370005,-12.490688282278528
Gen_8_Mutant_17_417989,Gen_8_Mutant_17_417989__3,0.000762085601424772,1.1456700303328867e-06,665.1876903887761,-7.168674750419338
Gen_8_Mutant_18_600747,Gen_8_Mutant_18_600747__2,0.006652354404732648,1.02930438241364e-05,646.2961314838071,-5.005040250820793
Gen_8_Cross_896410,Gen_8_Cross_896410__4,6033497774016.561,2.966880144570127e-07,2.033616957887174e+19,29.42834802052266
Gen_8_Mutant_23_594956,Gen_8_Mutant_23_594956__1,8.726681773187057e-06,8.172777298444324e-07,10.677743262193339,-10.651575991853983
Gen_8_Cross_732161,Gen_8_Cross_732161__4,0.00021636907917777336,1.7083570853870422e-05,12.665330979603318,-7.8210115149009996
Gen_8_Cross_371834,Gen_8_Cross_371834__4,1.4680614400775943e-05,4.92419035910961e-07,29.813255236197822,-10.767807513241141
Gen_8_Cross_655915,Gen_8_Cross_655915__3,4.971094661266258e+26,3.97469100725155e-05,1.2506870728307782e+31,61.47085248747733
Gen_8_Cross_168556,Gen_8_Cross_168556__5,3.6372677610360526e-05,9.676417733548232e-07,37.58899069048673,-9.956806439474002
Gen_8_Cross_371834,Gen_8_Cross_371834__5,1.568274585899422e-05,4.92419035910961e-07,31.848374484511126,-10.726161102083829
Gen_8_Mutant_23_594956,Gen_8_Mutant_23_594956__5,5.770392682528429e-06,4.92419035910961e-07,11.718459811069994,-11.114324574046366
Gen_8_Cross_553831,Gen_8_Cross_553831__2,20158905.994175747,6.489264974597642e-08,310650067042849.8,16.81915673353301
Gen_8_Cross_887620,Gen_8_Cross_887620__2,3.9534723412938746e-06,9.096731904955463e-08,43.46035897947275,-12.161095872173979
Gen_8_Cross_169095,Gen_8_Cross_169095__1,0.3925114894088796,2.0226633117017023e-05,19405.676028139984,-0.9351412807490849
Gen_8_Mutant_24_439956,Gen_8_Mutant_24_439956__4,0.0001125797504737618,7.342668715297711e-06,15.33226607911824,-8.535168522102905
Gen_8_Cross_975485,Gen_8_Cross_975485__4,0.004331834806002272,1.1456700303328867e-06,3781.0492474378607,-5.440325243904464
Gen_8_Cross_553831,Gen_8_Cross_553831__5,183875105.94002143,7.683170161732237e-08,2393219232028113.5,19.029767313038096
Gen_8_Mutant_18_525943,Gen_8_Mutant_18_525943__1,1.2604314918450512,5.571771015598962e-05,22621.738910595835,0.23144388514607997
Gen_8_Cross_920985,Gen_8_Cross_920985__3,1.6660457731171776e-05,2.1164602416720824e-07,78.71850083991842,-10.864455896872647
Gen_8_Cross_970984,Gen_8_Cross_970984__5,1.3275340876792746e-06,2.7891430498829263e-08,47.59648623024185,-13.253727203361358
Gen_8_Cross_308889,Gen_8_Cross_308889__4,8.202083956736927e-06,3.7365789172835235e-06,2.195078476410129,-8.04575933704835
Gen_8_Cross_114228,Gen_8_Cross_114228__5,8.326297235022644e-06,1.2751911298823975e-07,65.29450401517869,-11.519665445560507
Gen_8_Cross_994700,Gen_8_Cross_994700__3,48.62015683308074,4.1590092830141227e-07,116903217.86885908,3.8840381613490615
Gen_8_Cross_413040,Gen_8_Cross_413040__4,4.46477450479171,4.92419035910961e-07,9067022.554341357,1.4962185451893222
Gen_8_Cross_661346,Gen_8_Cross_661346__5,2.4482028010850902e-05,4.1590092830141227e-07,58.86504776711692,-10.440212823884837
Gen_8_Cross_718617,Gen_8_Cross_718617__2,2.348416896189684e-05,2.6655342760556763e-06,8.810304625550542,-9.572654663103593
Gen_8_Cross_474438,Gen_8_Cross_474438__1,7.94589268837958e-06,2.505849929223415e-07,31.709371721402654,-11.383849567760462
Gen_8_Cross_259670,Gen_8_Cross_259670__5,1.563646468020042e-05,3.5127314248113844e-07,44.51369259191234,-10.822771358598011
Gen_8_Cross_447431,Gen_8_Cross_447431__2,1.6672293427526218e-06,4.629196545585792e-08,36.0155229170907,-12.944921222198642
Gen_8_Mutant_31_397361,Gen_8_Mutant_31_397361__1,71614.76054745477,2.7891430498829263e-08,2567625943404.4014,11.179056484595208
Gen_8_Cross_809173,Gen_8_Cross_809173__4,0.00014228541365611343,7.342668715297711e-06,19.377888227433726,-8.423004635483572
Gen_8_Mutant_21_351398,Gen_8_Mutant_21_351398__2,4.637248172154192e-06,6.902790951075892e-07,6.717932217592965,-10.690109660129083
